date,strategy,weekly_return,rebalance_month,wealth
2022-01-07,Rolling MVPO,-0.010048082638976007,2022-01,0.989951917361024
2022-01-14,Rolling MVPO,0.003204606045385269,2022-01,0.9931243232600397
2022-01-21,Rolling MVPO,0.0014898827885404297,2022-01,0.9946039620961457
2022-01-28,Rolling MVPO,-0.0047022826611477705,2022-01,0.989927053130472
2022-02-04,Rolling MVPO,-0.004144517317055781,2022-02,0.9858242833161508
2022-02-11,Rolling MVPO,0.000677087085287348,2022-02,0.9864917722067467
2022-02-18,Rolling MVPO,0.0017359048602238073,2022-02,0.9882042280686912
2022-02-25,Rolling MVPO,0.0008908861392917012,2022-02,0.9890846055182672
2022-03-04,Rolling MVPO,0.027421770201101724,2022-03,1.0162070562802363
2022-03-11,Rolling MVPO,-0.017243954681708154,2022-03,0.9986836278545079
2022-03-18,Rolling MVPO,-0.0043800603727733554,2022-03,0.9943093332712049
2022-03-25,Rolling MVPO,-0.0032802167902013955,2022-03,0.9910477831015547
2022-04-01,Rolling MVPO,7.534196341392333e-05,2022-04,0.9911224505873706
2022-04-08,Rolling MVPO,-0.012053989252635212,2022-04,0.979175471219945
2022-04-15,Rolling MVPO,0.002013022452086494,2022-04,0.981146573428043
2022-04-22,Rolling MVPO,-0.01405669983720129,2022-04,0.9673548905490664
2022-04-29,Rolling MVPO,-0.003111625545661939,2022-04,0.964344844359913
2022-05-06,Rolling MVPO,-0.0064565342177829044,2022-05,0.9581185188745607
2022-05-13,Rolling MVPO,-0.00197051020622517,2022-05,0.956230536554345
2022-05-20,Rolling MVPO,0.0052157481928739105,2022-05,0.9612179942473491
2022-05-27,Rolling MVPO,0.018437637434170023,2022-05,0.9789405831204817
2022-06-03,Rolling MVPO,-0.008129831982789392,2022-06,0.9709819606585783
2022-06-10,Rolling MVPO,-0.012954329831103053,2022-06,0.958403540080156
2022-06-17,Rolling MVPO,-0.016522456912087084,2022-06,0.94256835888479
2022-06-24,Rolling MVPO,0.0024610504533390466,2022-06,0.9448880671717265
2022-07-01,Rolling MVPO,0.000699616392401568,2022-07,0.9455491263525044
2022-07-08,Rolling MVPO,-0.012344103978017709,2022-07,0.9338771696204854
2022-07-15,Rolling MVPO,0.0003877547038290143,2022-07,0.9342392848858043
2022-07-22,Rolling MVPO,0.010333084036915182,2022-07,0.9438928579271169
2022-07-29,Rolling MVPO,0.014507745769467322,2022-07,0.9575866155435394
2022-08-05,Rolling MVPO,-0.009576163977113934,2022-08,0.9484166090908049
2022-08-12,Rolling MVPO,0.011054953664776863,2022-08,0.9589013107592086
2022-08-19,Rolling MVPO,-0.015659181667867242,2022-08,0.943885700932474
2022-08-26,Rolling MVPO,-0.003108166302929129,2022-08,0.9409519472030191
2022-09-02,Rolling MVPO,-0.017081056712239775,2022-09,0.9248794936293518
2022-09-09,Rolling MVPO,0.0005019162871580621,2022-09,0.9253437057108629
2022-09-16,Rolling MVPO,-0.01472551771678637,2022-09,0.9117175405783009
2022-09-23,Rolling MVPO,-0.02029270890766402,2022-09,0.8932163219213342
2022-09-30,Rolling MVPO,-0.005848254372157215,2022-09,0.8879925656613755
2022-10-07,Rolling MVPO,0.008159433400973498,2022-10,0.8952380818614492
2022-10-14,Rolling MVPO,-0.015760356024952647,2022-10,0.881128810964217
2022-10-21,Rolling MVPO,-0.0030823951200551094,2022-10,0.8784128238171609
2022-10-28,Rolling MVPO,0.014135745499874926,2022-10,0.8908298439384668
2022-11-04,Rolling MVPO,-8.550201368652489e-05,2022-11,0.890753676192958
2022-11-11,Rolling MVPO,0.02479820306651717,2022-11,0.9128427667374377
2022-11-18,Rolling MVPO,-0.001846598130398188,2022-11,0.9111571129910327
2022-11-25,Rolling MVPO,0.007500985057095889,2022-11,0.9179916888802452
2022-12-02,Rolling MVPO,0.013846685970939321,2022-12,0.9307028315201022
2022-12-09,Rolling MVPO,-0.008012388447867105,2022-12,0.9232456789044333
2022-12-16,Rolling MVPO,0.0029949180818874977,2022-12,0.9260107240822087
2022-12-23,Rolling MVPO,-0.0071551088575345,2022-12,0.9193850165481563
2022-12-30,Rolling MVPO,-0.004945414030887532,2022-12,0.9148382769875313
2023-01-06,Rolling MVPO,0.017864148070629745,2023-01,0.9311810834283162
2023-01-13,Rolling MVPO,0.015864978648209942,2023-01,0.9459542514345234
2023-01-20,Rolling MVPO,0.0014563194870773769,2023-01,0.9473318630447711
2023-01-27,Rolling MVPO,-0.0011288174720232036,2023-01,0.9462624982859619
2023-02-03,Rolling MVPO,-0.010050488354142134,2023-02,0.9367520980669773
2023-02-10,Rolling MVPO,-0.009341270177680615,2023-02,0.9280016436294245
2023-02-17,Rolling MVPO,-0.006578245600549759,2023-02,0.9218970208999163
2023-02-24,Rolling MVPO,-0.009483837589301915,2023-02,0.9131538992796402
2023-03-03,Rolling MVPO,0.007589489213682527,2023-03,0.9200842709486552
2023-03-10,Rolling MVPO,0.0021386276689517175,2023-03,0.9220519886282732
2023-03-17,Rolling MVPO,0.014076441813477135,2023-03,0.9350311997952
2023-03-24,Rolling MVPO,0.0054016580298567995,2023-03,0.9400819185837404
2023-03-31,Rolling MVPO,0.0034946641008303057,2023-03,0.9433671891164546
2023-04-07,Rolling MVPO,0.00695674489027999,2023-04,0.9499299539889984
2023-04-14,Rolling MVPO,-0.00475002366008482,2023-04,0.9454177642321273
2023-04-21,Rolling MVPO,-0.005517655444725649,2023-04,0.9402012747577716
2023-04-28,Rolling MVPO,0.005501362113759373,2023-04,0.9453736624300323
2023-05-05,Rolling MVPO,-0.003935842014802204,2023-05,0.9416528210497527
2023-05-12,Rolling MVPO,-0.0041506771102706955,2023-05,0.9377443242395996
2023-05-19,Rolling MVPO,-0.009864685640270801,2023-05,0.9284937712700279
2023-05-26,Rolling MVPO,-0.004584666287462751,2023-05,0.924236937178767
2023-06-02,Rolling MVPO,0.005061324106756132,2023-06,0.9289147998692643
2023-06-09,Rolling MVPO,3.798902826844716e-05,2023-06,0.9289500884398555
2023-06-16,Rolling MVPO,0.003680383894200469,2023-06,0.9323689813838657
2023-06-23,Rolling MVPO,-0.0045540045417113515,2023-06,0.9281229688080928
2023-06-30,Rolling MVPO,0.0009700003085398967,2023-06,0.9290232483741997
2023-07-07,Rolling MVPO,-0.012571303227620678,2023-07,0.9173442154133785
2023-07-14,Rolling MVPO,0.016189102486425352,2023-07,0.9321951949320352
2023-07-21,Rolling MVPO,0.0027102621041637425,2023-07,0.934721688242543
2023-07-28,Rolling MVPO,-0.001672823389994649,2023-07,0.9331580639393156
2023-08-04,Rolling MVPO,-0.00878101265665319,2023-08,0.9249639911692065
2023-08-11,Rolling MVPO,-0.004065335387848407,2023-08,0.9212037023234209
2023-08-18,Rolling MVPO,-0.007038872315473916,2023-08,0.9147194670862244
2023-08-25,Rolling MVPO,0.004972603365565091,2023-08,0.9192680041868052
2023-09-01,Rolling MVPO,0.0047904193633928425,2023-09,0.9236716834342091
2023-09-08,Rolling MVPO,-0.003672946901231371,2023-09,0.9202790863867844
2023-09-15,Rolling MVPO,-0.0006221525704208049,2023-09,0.9197065323876844
2023-09-22,Rolling MVPO,-0.00557199894410104,2023-09,0.9145819285603375
2023-09-29,Rolling MVPO,-0.010893992172888655,2023-09,0.9046184801891357
2023-10-06,Rolling MVPO,-0.015069727849507131,2023-10,0.8909861258850507
2023-10-13,Rolling MVPO,0.011830845697345618,2023-10,0.9015272452588725
2023-10-20,Rolling MVPO,-0.011164471805058326,2023-10,0.891462169747688
2023-10-27,Rolling MVPO,0.006182034244629133,2023-10,0.8969732194088595
2023-11-03,Rolling MVPO,0.0170516957479728,2023-11,0.912268133840299
2023-11-10,Rolling MVPO,-0.0060062322147617885,2023-11,0.9067888395863268
2023-11-17,Rolling MVPO,0.01222652767591206,2023-11,0.9178757184297374
2023-11-24,Rolling MVPO,0.00104853362994549,2023-11,0.9188381419886213
2023-12-01,Rolling MVPO,0.015981727244071698,2023-12,0.9335227625553331
2023-12-08,Rolling MVPO,-0.004472285318133311,2023-12,0.9293477824102137
2023-12-15,Rolling MVPO,0.016119310804548377,2023-12,0.9443282281604016
2023-12-22,Rolling MVPO,0.0012070104989534113,2023-12,0.9454680422462494
2023-12-29,Rolling MVPO,0.0020655929618174224,2023-12,0.9474209943799365
2024-01-05,Rolling MVPO,-0.009121519892951608,2024-01,0.9387790749327
2024-01-12,Rolling MVPO,0.008988271641368816,2024-01,0.947217076269428
2024-01-19,Rolling MVPO,-0.009327444435590554,2024-01,0.9383819616220823
2024-01-26,Rolling MVPO,0.0037302344165411174,2024-01,0.9418823463111864
2024-02-02,Rolling MVPO,-0.0009591105895552857,2024-02,0.9409789769787241
2024-02-09,Rolling MVPO,-0.003425001924992929,2024-02,0.9377561221711941
2024-02-16,Rolling MVPO,-0.005949442542394632,2024-02,0.9321769960035577
2024-02-23,Rolling MVPO,0.002919945893749146,2024-02,0.9348989023952858
2024-03-01,Rolling MVPO,0.003260561699917488,2024-03,0.9379471979497308
2024-03-08,Rolling MVPO,0.008652305163909925,2024-03,0.9460626033340261
2024-03-15,Rolling MVPO,-0.007155810288472267,2024-03,0.9392927588235497
2024-03-22,Rolling MVPO,0.006683843670925105,2024-03,0.9455708447847583
2024-03-29,Rolling MVPO,0.003455782483543191,2024-03,0.9488385319471146
2024-04-05,Rolling MVPO,-0.005964263644082663,2024-04,0.9431794087869178
2024-04-12,Rolling MVPO,-0.00571377614847388,2024-04,0.9377902927772593
2024-04-19,Rolling MVPO,-0.004783618443570825,2024-04,0.9333042618365284
2024-04-26,Rolling MVPO,0.0015270990772010776,2024-04,0.9347295099135269
2024-05-03,Rolling MVPO,0.004237858531952318,2024-05,0.9386907613421814
2024-05-10,Rolling MVPO,0.0019523118964715714,2024-05,0.9405233784826577
2024-05-17,Rolling MVPO,0.007388653926122969,2024-05,0.947472580235694
2024-05-24,Rolling MVPO,-0.0046168154090173875,2024-05,0.9430982742276405
2024-05-31,Rolling MVPO,-0.0011872574203371498,2024-05,0.9419785738034566
2024-06-07,Rolling MVPO,-0.002926745420979222,2024-06,0.9392216423259168
2024-06-14,Rolling MVPO,0.010894586840699312,2024-06,0.9494540740709007
2024-06-21,Rolling MVPO,0.00030140091166628273,2024-06,0.9497402403944109
2024-06-28,Rolling MVPO,-0.004916497042859368,2024-06,0.9450708453110273
2024-07-05,Rolling MVPO,0.007679192356908024,2024-07,0.9523282261230762
2024-07-12,Rolling MVPO,0.005835189705127111,2024-07,0.9578852419840517
2024-07-19,Rolling MVPO,-0.004830350458926034,2024-07,0.9532583205658356
2024-07-26,Rolling MVPO,0.0012068798634945438,2024-07,0.9544087888376351
2024-08-02,Rolling MVPO,0.010322460640963326,2024-08,0.9642606359958011
2024-08-09,Rolling MVPO,-0.0028362074531145132,2024-08,0.9615257927932449
2024-08-16,Rolling MVPO,0.008295769965614461,2024-08,0.9695023895862628
2024-08-23,Rolling MVPO,0.005947681861220391,2024-08,0.9752686813632148
2024-08-30,Rolling MVPO,-0.004009562124303775,2024-08,0.9713582809974011
2024-09-06,Rolling MVPO,0.00136746554719902,2024-09,0.9726865799806513
2024-09-13,Rolling MVPO,0.008244532441174452,2024-09,0.9807059260443968
2024-09-20,Rolling MVPO,0.0036024057450499023,2024-09,0.9842388267065836
2024-09-27,Rolling MVPO,0.0014180979257171543,2024-09,0.9856345737451465
2024-10-04,Rolling MVPO,-0.007808194374292998,2024-10,0.9779385474113209
2024-10-11,Rolling MVPO,-0.002616301449434136,2024-10,0.9753799653722711
2024-10-18,Rolling MVPO,-0.0018128089776946132,2024-10,0.9736117878143807
2024-10-25,Rolling MVPO,-0.004981728906972062,2024-10,0.9687615178268572
2024-11-01,Rolling MVPO,-0.009119870386195762,2024-11,0.9599265383491419
2024-11-08,Rolling MVPO,0.00816027474238527,2024-11,0.9677598026345776
2024-11-15,Rolling MVPO,-0.01183403780568528,2024-11,0.9563072965433775
2024-11-22,Rolling MVPO,0.0074147221332990015,2024-11,0.963398049421293
2024-11-29,Rolling MVPO,0.007827499250564056,2024-11,0.9709390469311331
2024-12-06,Rolling MVPO,-0.0010880020458766194,2024-12,0.9698826632616505
2024-12-13,Rolling MVPO,-0.008027354719801021,2024-12,0.962097071087064
2024-12-20,Rolling MVPO,-0.010412282758368517,2024-12,0.9520794443419074
2024-12-27,Rolling MVPO,-0.006235730049762281,2024-12,0.9461425339410635
2022-01-07,Rolling REPO,-0.014344599477512147,2022-01,0.9856554005224879
2022-01-14,Rolling REPO,-0.0005708379475507675,2022-01,0.9850927510166614
2022-01-21,Rolling REPO,-0.00654298938813049,2022-01,0.9786472996004351
2022-01-28,Rolling REPO,-0.005699377473508479,2022-01,0.9730696192265824
2022-02-04,Rolling REPO,-0.006915906559161149,2022-02,0.9663399606644528
2022-02-11,Rolling REPO,-0.005655810196460108,2022-02,0.9608745252616799
2022-02-18,Rolling REPO,-0.0033808317238997205,2022-02,0.9576259701839882
2022-02-25,Rolling REPO,-0.0012172733942863367,2022-02,0.9564602775688056
2022-03-04,Rolling REPO,0.002006627521126291,2022-03,0.9583795370846393
2022-03-11,Rolling REPO,-0.021518988025057535,2022-03,0.9377561793026548
2022-03-18,Rolling REPO,0.01055852000538389,2022-03,0.9476574966819943
2022-03-25,Rolling REPO,-0.013025156019554514,2022-03,0.9353141099346108
2022-04-01,Rolling REPO,0.007738997085825185,2022-04,0.942552503105726
2022-04-08,Rolling REPO,-0.019502013094001246,2022-04,0.9241708318483746
2022-04-15,Rolling REPO,-0.00791808257233946,2022-04,0.9168531708908515
2022-04-22,Rolling REPO,-0.014265976053640472,2022-04,0.9037733655102183
2022-04-29,Rolling REPO,-0.005728427889097827,2022-04,0.8985961649578058
2022-05-06,Rolling REPO,-0.011467032090326191,2022-05,0.8882919338979907
2022-05-13,Rolling REPO,0.0021189481859318375,2022-05,0.8901741784799017
2022-05-20,Rolling REPO,0.0026948338701570243,2022-05,0.8925730500064086
2022-05-27,Rolling REPO,0.02213029998661805,2022-05,0.912325959363021
2022-06-03,Rolling REPO,-0.012186083699159807,2022-06,0.9012082788613068
2022-06-10,Rolling REPO,-0.021883678082567234,2022-06,0.8814865270013615
2022-06-17,Rolling REPO,-0.01714295011766362,2022-06,0.8663752474395846
2022-06-24,Rolling REPO,0.01302859432965881,2022-06,0.8776628990757328
2022-07-01,Rolling REPO,0.0027335863700429634,2022-07,0.8800620664141388
2022-07-08,Rolling REPO,-0.009172945944526065,2022-07,0.8719893046510939
2022-07-15,Rolling REPO,0.0031565251795135836,2022-07,0.8747417608474917
2022-07-22,Rolling REPO,0.013399560651977338,2022-07,0.8864629161267852
2022-07-29,Rolling REPO,0.012323035898105234,2022-07,0.8973868304645546
2022-08-05,Rolling REPO,-0.006708940400819084,2022-08,0.891366315702488
2022-08-12,Rolling REPO,0.0098956587852161,2022-08,0.9001869726153151
2022-08-19,Rolling REPO,-0.018042971252393434,2022-08,0.8839449249466379
2022-08-26,Rolling REPO,-0.006139397743686563,2022-08,0.8785180354688773
2022-09-02,Rolling REPO,-0.017542274841838203,2022-09,0.8631068306371704
2022-09-09,Rolling REPO,0.0016881377320662088,2022-09,0.8645638738447731
2022-09-16,Rolling REPO,-0.015591653007420716,2022-09,0.8510838939210339
2022-09-23,Rolling REPO,-0.02170819663980842,2022-09,0.8326083973948223
2022-09-30,Rolling REPO,-0.01003660595295664,2022-09,0.8242518349970477
2022-10-07,Rolling REPO,-0.0001811513956264249,2022-10,0.8241025206267903
2022-10-14,Rolling REPO,-0.016168347806278353,2022-10,0.8107781444452656
2022-10-21,Rolling REPO,-0.006635106438272631,2022-10,0.8053985451590462
2022-10-28,Rolling REPO,0.020036504137042586,2022-10,0.8215359164410935
2022-11-04,Rolling REPO,-0.004060084669575007,2022-11,0.8182004110612457
2022-11-11,Rolling REPO,0.02886034105939083,2022-11,0.8418139539794071
2022-11-18,Rolling REPO,0.006389842348851593,2022-11,0.8471930124323989
2022-11-25,Rolling REPO,0.013643481122016434,2022-11,0.8587516743042246
2022-12-02,Rolling REPO,0.0154360015054605,2022-12,0.8720073664416013
2022-12-09,Rolling REPO,-0.006430111971575539,2022-12,0.8664002614353431
2022-12-16,Rolling REPO,0.0008377160701973824,2022-12,0.8671260588575707
2022-12-23,Rolling REPO,-0.009576947467373538,2022-12,0.858821638144301
2022-12-30,Rolling REPO,-0.006730378207647301,2022-12,0.8530414437066787
2023-01-06,Rolling REPO,0.02453259750197691,2023-01,0.87396876609764
2023-01-13,Rolling REPO,0.015395365717895314,2023-01,0.8874238348777309
2023-01-20,Rolling REPO,0.0010728442943772477,2023-01,0.8883759024756739
2023-01-27,Rolling REPO,0.000964100487624409,2023-01,0.8892323861164445
2023-02-03,Rolling REPO,-0.006539309617521362,2023-02,0.8834174202217018
2023-02-10,Rolling REPO,-0.014358678074650754,2023-02,0.8707327138791999
2023-02-17,Rolling REPO,-0.005833840896962078,2023-02,0.8656529977626487
2023-02-24,Rolling REPO,-0.011560024603380835,2023-02,0.8556460278105221
2023-03-03,Rolling REPO,0.0060416087150398515,2023-03,0.8608155063091314
2023-03-10,Rolling REPO,0.0017829806783496646,2023-03,0.8623503237245043
2023-03-17,Rolling REPO,0.0055116525576852544,2023-03,0.8671032990918811
2023-03-24,Rolling REPO,0.00937617962296869,2023-03,0.8752334153758354
2023-03-31,Rolling REPO,0.0033591128753213155,2023-03,0.878173423210336
2023-04-07,Rolling REPO,0.006410544202446192,2023-04,0.8838029927572394
2023-04-14,Rolling REPO,-0.005000067753648873,2023-04,0.8793839179125755
2023-04-21,Rolling REPO,-0.004537762929437731,2023-04,0.8753934821691282
2023-04-28,Rolling REPO,0.006383660375821614,2023-04,0.8809816968545037
2023-05-05,Rolling REPO,-0.008109698982531402,2023-05,0.8738372004838939
2023-05-12,Rolling REPO,-0.005074017416889582,2023-05,0.8694033353091125
2023-05-19,Rolling REPO,-0.011889160361601986,2023-05,0.8590668596367108
2023-05-26,Rolling REPO,-0.002622123173389594,2023-05,0.8568142805165664
2023-06-02,Rolling REPO,0.005544165928596845,2023-06,0.8615646010577416
2023-06-09,Rolling REPO,0.0008827922308105568,2023-06,0.8623251835938968
2023-06-16,Rolling REPO,0.005068802703306083,2023-06,0.8666961398156264
2023-06-23,Rolling REPO,-0.008401493358479232,2023-06,0.8594145979531458
2023-06-30,Rolling REPO,0.0020840470951918088,2023-06,0.8612056584495754
2023-07-07,Rolling REPO,-0.013852777513226345,2023-07,0.8492755680699419
2023-07-14,Rolling REPO,0.01687638799606663,2023-07,0.8636082720722702
2023-07-21,Rolling REPO,0.002728936417487015,2023-07,0.8659650041363712
2023-07-28,Rolling REPO,-0.0010911447258017148,2023-07,0.8650201109893789
2023-08-04,Rolling REPO,-0.009195266788036652,2023-08,0.8570660202918146
2023-08-11,Rolling REPO,-0.001721803700516155,2023-08,0.8555903208464894
2023-08-18,Rolling REPO,-0.008284656320883457,2023-08,0.8485020490868018
2023-08-25,Rolling REPO,0.005380811136480577,2023-08,0.8530676783618547
2023-09-01,Rolling REPO,0.005211446035467258,2023-09,0.8575133945322388
2023-09-08,Rolling REPO,-0.004272620673388518,2023-09,0.8538495650750528
2023-09-15,Rolling REPO,-0.00016287644516951578,2023-09,0.8537104930931838
2023-09-22,Rolling REPO,-0.007621757584125434,2023-09,0.8472037186678034
2023-09-29,Rolling REPO,-0.007470359413321028,2023-09,0.8408748023930528
2023-10-06,Rolling REPO,-0.013595447733166888,2023-10,0.829442732966981
2023-10-13,Rolling REPO,0.014552143008295042,2023-10,0.8415129022343076
2023-10-20,Rolling REPO,-0.01290561545346015,2023-10,0.8306526603189465
2023-10-27,Rolling REPO,0.00608787858078172,2023-10,0.8357095728577715
2023-11-03,Rolling REPO,0.019044584628983435,2023-11,0.8516253145433129
2023-11-10,Rolling REPO,-0.00520408659655149,2023-11,0.8471933826586141
2023-11-17,Rolling REPO,0.016543374762296285,2023-11,0.8612088202840731
2023-11-24,Rolling REPO,0.0022388853716222017,2023-11,0.8631369681137191
2023-12-01,Rolling REPO,0.019002307698100507,2023-12,0.8795385623674216
2023-12-08,Rolling REPO,-0.0049676003276484726,2023-12,0.8751693663168257
2023-12-15,Rolling REPO,0.018309084168880687,2023-12,0.8911929159067464
2023-12-22,Rolling REPO,0.0033874062840465323,2023-12,0.8942117483903866
2023-12-29,Rolling REPO,0.004358489345741239,2023-12,0.8981091607685828
2024-01-05,Rolling REPO,-0.011798597997715612,2024-01,0.8875127318226086
2024-01-12,Rolling REPO,0.009369382978044644,2024-01,0.8958281785049452
2024-01-19,Rolling REPO,-0.010352775706475175,2024-01,0.8865538703013434
2024-01-26,Rolling REPO,0.0018723392355619462,2024-01,0.8882137998971479
2024-02-02,Rolling REPO,0.002831883314792362,2024-02,0.890729117737045
2024-02-09,Rolling REPO,-0.005075006719923634,2024-02,0.8862086614788978
2024-02-16,Rolling REPO,-0.004832607155029674,2024-02,0.8819259631605856
2024-02-23,Rolling REPO,0.0053791083933163045,2024-02,0.8866699385113063
2024-03-01,Rolling REPO,0.003823754565645465,2024-03,0.8900603467369095
2024-03-08,Rolling REPO,0.012063497921668751,2024-03,0.9007975878799299
2024-03-15,Rolling REPO,-0.009243034767900869,2024-03,0.8924714844563144
2024-03-22,Rolling REPO,0.007131605620402273,2024-03,0.8988362391109118
2024-03-29,Rolling REPO,0.004932938479706265,2024-03,0.9032701429817765
2024-04-05,Rolling REPO,-0.01013952744661123,2024-04,0.8941114105753084
2024-04-12,Rolling REPO,-0.006700903553150363,2024-04,0.8881200562472721
2024-04-19,Rolling REPO,-0.006235616521252924,2024-04,0.8825820801516805
2024-04-26,Rolling REPO,0.004949310586971849,2024-04,0.8869502529848468
2024-05-03,Rolling REPO,0.00631820640606252,2024-05,0.8925541877551144
2024-05-10,Rolling REPO,0.004112659092899119,2024-05,0.8962249588512906
2024-05-17,Rolling REPO,0.009654908921301754,2024-05,0.9048779292019973
2024-05-24,Rolling REPO,-0.006938555745896693,2024-05,0.8985993832469976
2024-05-31,Rolling REPO,-0.0021310140031214186,2024-05,0.8966844553781019
2024-06-07,Rolling REPO,-0.0016452989586298913,2024-06,0.8952091413774488
2024-06-14,Rolling REPO,0.012196922186755615,2024-06,0.9061279376157019
2024-06-21,Rolling REPO,-0.0006510386718751847,2024-06,0.9055380132866475
2024-06-28,Rolling REPO,-0.005247240323630119,2024-06,0.9007864377087499
2024-07-05,Rolling REPO,0.010159530378233736,2024-07,0.909938004886953
2024-07-12,Rolling REPO,0.008857711901437164,2024-07,0.9179979735824102
2024-07-19,Rolling REPO,-0.006467453217615226,2024-07,0.9120608646344004
2024-07-26,Rolling REPO,0.000794413084182767,2024-07,0.912785417718837
2024-08-02,Rolling REPO,0.013020324432235312,2024-08,0.9246701799945497
2024-08-09,Rolling REPO,-0.00445597423613592,2024-08,0.9205498734955708
2024-08-16,Rolling REPO,0.01340823896786039,2024-08,0.9328928261812331
2024-08-23,Rolling REPO,0.006713158252785245,2024-08,0.9391554833562759
2024-08-30,Rolling REPO,-0.004834899416525991,2024-08,0.9346147610577694
2024-09-06,Rolling REPO,0.00206896071868514,2024-09,0.9365484422855013
2024-09-13,Rolling REPO,0.011726214449852694,2024-09,0.9475306101624166
2024-09-20,Rolling REPO,0.003537776016876841,2024-09,0.9508827612303059
2024-09-27,Rolling REPO,0.0046997575570524005,2024-09,0.955351679673269
2024-10-04,Rolling REPO,-0.010503228309908056,2024-10,0.9453174028654064
2024-10-11,Rolling REPO,-0.00335640208214906,2024-10,0.9421445375661373
2024-10-18,Rolling REPO,0.0026873074574805633,2024-10,0.9446763696079632
2024-10-25,Rolling REPO,-0.007492410289539124,2024-10,0.937598466656028
2024-11-01,Rolling REPO,-0.010621970099605913,2024-11,0.9276393237777714
2024-11-08,Rolling REPO,0.006985319151957475,2024-11,0.9341191805122652
2024-11-15,Rolling REPO,-0.016831653732124432,2024-11,0.9183964099213469
2024-11-22,Rolling REPO,0.010459083057236147,2024-11,0.9280019942521818
2024-11-29,Rolling REPO,0.008001014152378751,2024-11,0.9354269513416292
2024-12-06,Rolling REPO,-0.0002692258495762597,2024-12,0.9351751102259378
2024-12-13,Rolling REPO,-0.007880454090283366,2024-12,0.9278055057034266
2024-12-20,Rolling REPO,-0.014381511860281826,2024-12,0.914462259819118
2024-12-27,Rolling REPO,-0.00812140987256995,2024-12,0.9070355369941304
2022-01-07,Static MVPO,-0.01201599906554773,static,0.9879840009344523
2022-01-14,Static MVPO,0.0013410469815778759,static,0.9893089338967526
2022-01-21,Static MVPO,-0.0008547370024551001,static,0.9884633349440917
2022-01-28,Static MVPO,-0.005335136542126417,static,0.9831897480852794
2022-02-04,Static MVPO,-0.0069929540987263535,static,0.9763143473065807
2022-02-11,Static MVPO,-0.0029365668519877007,static,0.9734473349571602
2022-02-18,Static MVPO,0.000934105185249692,static,0.9743566371603111
2022-02-25,Static MVPO,0.0011142599148537408,static,0.9754423237038704
2022-03-04,Static MVPO,0.012933185647670018,static,0.9880579003649271
2022-03-11,Static MVPO,-0.017159947764971657,static,0.9711028784058974
2022-03-18,Static MVPO,0.0006723633475813972,static,0.9717558123880683
2022-03-25,Static MVPO,-0.009751686802180182,static,0.9622795540574617
2022-04-01,Static MVPO,0.002311398512073671,static,0.9645037655869091
2022-04-08,Static MVPO,-0.014661345972564284,static,0.9503628421877983
2022-04-15,Static MVPO,-0.00035383311921338614,static,0.9500265723389626
2022-04-22,Static MVPO,-0.012936793638202203,static,0.9377362746218049
2022-04-29,Static MVPO,-0.0037021531395450783,static,0.9342646313286485
2022-05-06,Static MVPO,-0.007564636677738,static,0.9271972588317864
2022-05-13,Static MVPO,-0.0007802916438913757,static,0.926473774558481
2022-05-20,Static MVPO,0.0037314041829125135,static,0.9299308226762274
2022-05-27,Static MVPO,0.021133851775590372,static,0.9495838428442196
2022-06-03,Static MVPO,-0.010806144645900937,static,0.9393225024850346
2022-06-10,Static MVPO,-0.017588947371108162,static,0.9228008084243277
2022-06-17,Static MVPO,-0.015893788039376775,static,0.9081340079726659
2022-06-24,Static MVPO,0.005731157653866057,static,0.9133386671431946
2022-07-01,Static MVPO,0.001046797115080733,static,0.9142947474250517
2022-07-08,Static MVPO,-0.007642893868156149,static,0.9073068897062694
2022-07-15,Static MVPO,0.00407135067096972,static,0.9110008542204505
2022-07-22,Static MVPO,0.011787964759316536,static,0.9217397001857084
2022-07-29,Static MVPO,0.013430224258447244,static,0.9341188710671163
2022-08-05,Static MVPO,-0.008455085738710197,static,0.9262208159220966
2022-08-12,Static MVPO,0.00980429428343483,static,0.93530175737284
2022-08-19,Static MVPO,-0.015737514417504123,static,0.920582432481468
2022-08-26,Static MVPO,-0.005275388603220266,static,0.9157260024088304
2022-09-02,Static MVPO,-0.016798803253145252,static,0.9003429014605753
2022-09-09,Static MVPO,0.002358189691958452,static,0.9024660808100275
2022-09-16,Static MVPO,-0.014702041797021493,static,0.8891979867695643
2022-09-23,Static MVPO,-0.020886835629811543,static,0.870625454577549
2022-09-30,Static MVPO,-0.007562649525875392,static,0.8640412193962731
2022-10-07,Static MVPO,0.006042459544100079,static,0.8692621535089099
2022-10-14,Static MVPO,-0.013578136717788384,static,0.8574591931449668
2022-10-21,Static MVPO,-0.0018193020033806105,static,0.855899215917061
2022-10-28,Static MVPO,0.017294282622557243,static,0.8707013788535558
2022-11-04,Static MVPO,-0.004342552248388478,static,0.8669203126231403
2022-11-11,Static MVPO,0.02286382726586821,static,0.8867414289042281
2022-11-18,Static MVPO,-0.000885059614116127,static,0.8859566098773414
2022-11-25,Static MVPO,0.008480511131144338,static,0.893469974769117
2022-12-02,Static MVPO,0.012369487986302437,static,0.9045217408881455
2022-12-09,Static MVPO,-0.007981102430679095,static,0.897302660223341
2022-12-16,Static MVPO,0.0021932460389591985,static,0.8992706657286234
2022-12-23,Static MVPO,-0.007929453516501053,static,0.8921399407859752
2022-12-30,Static MVPO,-0.007121080586926241,static,0.8857869403728227
2023-01-06,Static MVPO,0.019046525642616417,static,0.9026581040465285
2023-01-13,Static MVPO,0.014210048018578468,static,0.9154849190493887
2023-01-20,Static MVPO,0.0003814185591264343,static,0.9158341019881144
2023-01-27,Static MVPO,-0.0006361766178051027,static,0.9152514697466411
2023-02-03,Static MVPO,-0.006002121411598164,static,0.9097580193030781
2023-02-10,Static MVPO,-0.01201048135207369,static,0.8988313875773389
2023-02-17,Static MVPO,-0.005463869374669075,static,0.8939202902857638
2023-02-24,Static MVPO,-0.008712960813914756,static,0.8861315978257407
2023-03-03,Static MVPO,0.005707549447545366,static,0.8911892377373635
2023-03-10,Static MVPO,0.00019015476676385217,static,0.8913587016190078
2023-03-17,Static MVPO,0.010550430695024898,static,0.9007629198248465
2023-03-24,Static MVPO,0.005604757640076144,static,0.9058114776816321
2023-03-31,Static MVPO,0.005720391907383685,static,0.9109930743281772
2023-04-07,Static MVPO,0.004841187120402568,static,0.9154033622663907
2023-04-14,Static MVPO,-0.0038440778578163266,static,0.9118844804705318
2023-04-21,Static MVPO,-0.004853808034366474,static,0.9074583682528098
2023-04-28,Static MVPO,0.005688888012891201,static,0.912620797286161
2023-05-05,Static MVPO,-0.0038597924749532633,static,0.90909827040031
2023-05-12,Static MVPO,-0.004224416588739777,static,0.9052578605860363
2023-05-19,Static MVPO,-0.009716389890978587,static,0.8964620222607093
2023-05-26,Static MVPO,-0.004553184292663689,static,0.8923802654619822
2023-06-02,Static MVPO,0.00499841738871536,static,0.8968407544982139
2023-06-09,Static MVPO,0.00011206290143413553,static,0.8969412570752874
2023-06-16,Static MVPO,0.003977935038261144,static,0.9005092311290692
2023-06-23,Static MVPO,-0.004817152588676318,static,0.8961713407552089
2023-06-30,Static MVPO,0.0007937346290578417,static,0.8968826629819355
2023-07-07,Static MVPO,-0.011968172671145538,static,0.8861486164056108
2023-07-14,Static MVPO,0.01621589874229537,static,0.9005183126398694
2023-07-21,Static MVPO,0.002743467280739635,static,0.9029888551663037
2023-07-28,Static MVPO,-0.0016100460574187357,static,0.9015350015201501
2023-08-04,Static MVPO,-0.008911959949399556,static,0.8935005576936207
2023-08-11,Static MVPO,-0.004401016367899008,static,0.8895682471144841
2023-08-18,Static MVPO,-0.007199402593830149,static,0.8831638871688192
2023-08-25,Static MVPO,0.0050911033366693855,static,0.8876601657816103
2023-09-01,Static MVPO,0.0051383365580978495,static,0.8922212624626132
2023-09-08,Static MVPO,-0.0037146211003922947,static,0.8889069985348509
2023-09-15,Static MVPO,-0.000520950395385719,static,0.888443922082503
2023-09-22,Static MVPO,-0.005695679985420579,static,0.8833836298173292
2023-09-29,Static MVPO,-0.011320677018605431,static,0.873383129060644
2023-10-06,Static MVPO,-0.0149903202866883,static,0.8602908362230348
2023-10-13,Static MVPO,0.012623029471519654,static,0.8711503128027566
2023-10-20,Static MVPO,-0.010780081001745581,static,0.8617592418660469
2023-10-27,Static MVPO,0.005886334041978744,static,0.8668318446274329
2023-11-03,Static MVPO,0.016641048733441025,static,0.8812568355975765
2023-11-10,Static MVPO,-0.0062680174287996614,static,0.875733102392802
2023-11-17,Static MVPO,0.012490721543152066,static,0.8866716407209111
2023-11-24,Static MVPO,0.0012185544943658832,static,0.8877520984337384
2023-12-01,Static MVPO,0.016213813180301462,static,0.9021459451081635
2023-12-08,Static MVPO,-0.004687850382699728,static,0.8979168198941372
2023-12-15,Static MVPO,0.016156359470150906,static,0.9124238868106416
2023-12-22,Static MVPO,0.0014582015071015644,static,0.9137543846975044
2023-12-29,Static MVPO,0.0021903043161535045,static,0.9157557848702115
2024-01-05,Static MVPO,-0.00931409385709305,static,0.9072263495397545
2024-01-12,Static MVPO,0.008980154659720577,static,0.9153733824699951
2024-01-19,Static MVPO,-0.009194760721916353,static,0.9069567432469723
2024-01-26,Static MVPO,0.003347367448978763,static,0.9099926607269491
2024-02-02,Static MVPO,-0.00033031560649591433,static,0.9096920759493142
2024-02-09,Static MVPO,-0.003552060257586038,static,0.9064607948796938
2024-02-16,Static MVPO,-0.005901564186749763,static,0.901111258315939
2024-02-23,Static MVPO,0.003267964624835062,static,0.9040560580311561
2024-03-01,Static MVPO,0.0035163681619977964,static,0.9072350519702781
2024-03-08,Static MVPO,0.009036248710844406,static,0.9154330535390773
2024-03-15,Static MVPO,-0.007375877612141416,static,0.9086809313740641
2024-03-22,Static MVPO,0.006845738969626019,static,0.9149015238369276
2024-03-29,Static MVPO,0.003687870545700937,static,0.9182755622189026
2024-04-05,Static MVPO,-0.00505916627044519,static,0.9136298534675507
2024-04-12,Static MVPO,-0.005512709102630001,static,0.9085932778579056
2024-04-19,Static MVPO,-0.004369444525941008,static,0.9046232299336625
2024-04-26,Static MVPO,0.0010005678431071001,static,0.9055283668476618
2024-05-03,Static MVPO,0.004236772580169553,static,0.9093648846028877
2024-05-10,Static MVPO,0.002507434654857102,static,0.911645057628451
2024-05-17,Static MVPO,0.007618545114586924,static,0.9185904666284836
2024-05-24,Static MVPO,-0.005026310915386959,static,0.9139733453392985
2024-05-31,Static MVPO,-0.0011494657003740573,static,0.9129227643277749
2024-06-07,Static MVPO,-0.002710400694503235,static,0.910448377833313
2024-06-14,Static MVPO,0.011163954902737768,static,0.9206125824647149
2024-06-21,Static MVPO,0.00014500399016685275,static,0.9207460749625701
2024-06-28,Static MVPO,-0.004885802859179964,static,0.9162474911569393
2024-07-05,Static MVPO,0.007899910797396426,static,0.9234857646054174
2024-07-12,Static MVPO,0.0064040330115334105,static,0.9293997979276316
2024-07-19,Static MVPO,-0.004596612525852748,static,0.9251277071749524
2024-07-26,Static MVPO,0.0012635188232916102,static,0.9262966234469167
2024-08-02,Static MVPO,0.010943153748967078,static,0.9364332298144453
2024-08-09,Static MVPO,-0.00321879466255126,static,0.933419043532483
2024-08-16,Static MVPO,0.00926777353243078,static,0.9420697598388
2024-08-23,Static MVPO,0.005962413270371013,static,0.9476867690764782
2024-08-30,Static MVPO,-0.00391177324681065,static,0.9439796333268484
2024-09-06,Static MVPO,0.0020637820832266505,static,0.9459278015810392
2024-09-13,Static MVPO,0.009096900672381931,static,0.9545328128352666
2024-09-20,Static MVPO,0.003319893759480444,static,0.9577017603638177
2024-09-27,Static MVPO,0.0016807347056764705,static,0.9593114029501486
2024-10-04,Static MVPO,-0.00897448361233406,static,0.9507020784852472
2024-10-11,Static MVPO,-0.002481606935499221,static,0.9483428096136847
2024-10-18,Static MVPO,0.00036114030479906427,static,0.9486852944250026
2024-10-25,Static MVPO,-0.005395193681628547,static,0.9435669535186669
2024-11-01,Static MVPO,-0.008586355791620351,static,0.9354651519425403
2024-11-08,Static MVPO,0.007594472969423579,static,0.9425695167528056
2024-11-15,Static MVPO,-0.012577528360692074,static,0.9307143219239234
2024-11-22,Static MVPO,0.00840264237070274,static,0.9385347815203412
2024-11-29,Static MVPO,0.007908547663331145,static,0.9459572285736889
2024-12-06,Static MVPO,-0.0010404571430562733,static,0.9449730006181938
2024-12-13,Static MVPO,-0.008467850449892426,static,0.9369711105697729
2024-12-20,Static MVPO,-0.010284430214348472,static,0.9273348965702575
2024-12-27,Static MVPO,-0.004801771993035521,static,0.9228820458357418
2022-01-07,Static REPO,-0.0159423787871792,static,0.9840576212128208
2022-01-14,Static REPO,-0.0026456580883573557,static,0.9814541412078494
2022-01-21,Static REPO,-0.008857122738666283,static,0.9727612814167992
2022-01-28,Static REPO,-0.003621982544558718,static,0.969237957035485
2022-02-04,Static REPO,-0.008053452187839812,static,0.9614322454898602
2022-02-11,Static REPO,-0.006781017535980323,static,0.9549127565735365
2022-02-18,Static REPO,-0.0046821167110808635,static,0.9504417435983592
2022-02-25,Static REPO,-0.00017332775600137058,static,0.9502770056637313
2022-03-04,Static REPO,0.0016016453319839287,static,0.9517990123939444
2022-03-11,Static REPO,-0.020605713432660412,static,0.9321865146990655
2022-03-18,Static REPO,0.011028063352605698,static,0.9424667266396115
2022-03-25,Static REPO,-0.013052114833509813,static,0.9301655426967492
2022-04-01,Static REPO,0.007403716201152141,static,0.9370522243949667
2022-04-08,Static REPO,-0.020048865363301978,static,0.9182653905096894
2022-04-15,Static REPO,-0.0100483443898954,static,0.9090383436245262
2022-04-22,Static REPO,-0.013591107743556225,static,0.8966835055533013
2022-04-29,Static REPO,-0.007523465835626395,static,0.8899373378339014
2022-05-06,Static REPO,-0.010393740796594362,static,0.8806875598192445
2022-05-13,Static REPO,0.002501991318916633,static,0.8828910324485901
2022-05-20,Static REPO,0.0007007256313433227,static,0.88350969682471
2022-05-27,Static REPO,0.02314890500555207,static,0.9039619788679893
2022-06-03,Static REPO,-0.013720629929618916,static,0.8915590510854957
2022-06-10,Static REPO,-0.023462228678804056,static,0.8706410887482702
2022-06-17,Static REPO,-0.0174286546899659,static,0.8554669858535806
2022-06-24,Static REPO,0.015997042426627972,static,0.8691519275208599
2022-07-01,Static REPO,0.00500498116137091,static,0.8735020165444709
2022-07-08,Static REPO,-0.004639337143404525,static,0.8694495461942774
2022-07-15,Static REPO,0.007263880114034821,static,0.8757651234630346
2022-07-22,Static REPO,0.014635323123707338,static,0.8885822290253895
2022-07-29,Static REPO,0.013461440935320965,static,0.9005438262175905
2022-08-05,Static REPO,-0.008454375116484386,static,0.8929302909019129
2022-08-12,Static REPO,0.010409834739661266,static,0.9022255476642395
2022-08-19,Static REPO,-0.014515687118937297,static,0.8891291239036335
2022-08-26,Static REPO,-0.009886837800570012,static,0.8803384484718354
2022-09-02,Static REPO,-0.01823935279380005,static,0.864281644932211
2022-09-09,Static REPO,0.0034828798512612207,static,0.8672918340591603
2022-09-16,Static REPO,-0.016668180080457028,static,0.8528356575867524
2022-09-23,Static REPO,-0.02304324150895038,static,0.8331835595615363
2022-09-30,Static REPO,-0.01444938794656116,static,0.821144567078735
2022-10-07,Static REPO,-0.0008146438397473171,static,0.8204756267156224
2022-10-14,Static REPO,-0.013516900114668613,static,0.8093853396227871
2022-10-21,Static REPO,0.0005276649398162997,static,0.8098124238893074
2022-10-28,Static REPO,0.021502000464099325,static,0.8272250110036087
2022-11-04,Static REPO,-0.01014488815193291,static,0.8188329057904956
2022-11-11,Static REPO,0.030636728928230345,static,0.8439192675627142
2022-11-18,Static REPO,0.00372153325730829,static,0.8470599411834322
2022-11-25,Static REPO,0.012790017003982893,static,0.8578938522345612
2022-12-02,Static REPO,0.01279323152323072,static,0.8688690869085541
2022-12-09,Static REPO,-0.009275949123410888,static,0.8608095014634859
2022-12-16,Static REPO,0.0001108182876099366,static,0.8609048948983965
2022-12-23,Static REPO,-0.011948863530268758,static,0.8506180597967151
2022-12-30,Static REPO,-0.009480829279770451,static,0.8425534951894929
2023-01-06,Static REPO,0.022626136530054738,static,0.861617225605525
2023-01-13,Static REPO,0.013695149183766393,static,0.8734172020494957
2023-01-20,Static REPO,-6.362073867544125e-05,static,0.8733616346019294
2023-01-27,Static REPO,0.003571585386388321,static,0.8764809202531058
2023-02-03,Static REPO,0.0007249796571978576,static,0.8771163510902112
2023-02-10,Static REPO,-0.015901689106947805,static,0.8631687195645542
2023-02-17,Static REPO,-0.004385345611130731,static,0.8593834264085465
2023-02-24,Static REPO,-0.012022027909895223,static,0.8490518948709616
2023-03-03,Static REPO,0.003964842714885988,static,0.8524182520909008
2023-03-10,Static REPO,-0.0010907706473168625,static,0.8514884592822829
2023-03-17,Static REPO,0.012259326144028962,static,0.8619271340125011
2023-03-24,Static REPO,0.008558171308041223,static,0.869303654080429
2023-03-31,Static REPO,0.004493127235624793,static,0.8732095460046059
2023-04-07,Static REPO,0.00532410822984021,static,0.8778586081348642
2023-04-14,Static REPO,-0.006248859120870465,static,0.872372993364586
2023-04-21,Static REPO,-0.002290703327582117,static,0.8703746456457929
2023-04-28,Static REPO,0.007914920871473679,static,0.8772635920946164
2023-05-05,Static REPO,-0.005630884956694847,static,0.8723238217308347
2023-05-12,Static REPO,-0.002900191659524948,static,0.869793915458646
2023-05-19,Static REPO,-0.008822216021399733,static,0.8621204056423707
2023-05-26,Static REPO,-0.0034190659464888463,static,0.8591727591216657
2023-06-02,Static REPO,0.008057955053208464,static,0.8660959345976093
2023-06-09,Static REPO,-0.0008312810599424131,static,0.8653759654510851
2023-06-16,Static REPO,0.006731979984809444,static,0.8712016591298368
2023-06-23,Static REPO,-0.002857045386223269,static,0.8687125964491499
2023-06-30,Static REPO,0.0033824985309633304,static,0.8716510155304685
2023-07-07,Static REPO,-0.015475465042963594,static,0.858161810709963
2023-07-14,Static REPO,0.017178993489039257,static,0.8729041668686915
2023-07-21,Static REPO,0.0022612426551359976,static,0.874878015004661
2023-07-28,Static REPO,-0.0019561562327731047,static,0.8731666169226935
2023-08-04,Static REPO,-0.012226083274737039,static,0.8624912091514761
2023-08-11,Static REPO,-0.005472500547057459,static,0.8577712255375624
2023-08-18,Static REPO,-0.008589274408955409,static,0.8504035931013143
2023-08-25,Static REPO,0.004764760483303292,static,0.8544555625365825
2023-09-01,Static REPO,0.005476472800153181,static,0.8591349651837538
2023-09-08,Static REPO,-0.0045461873003095005,static,0.8552291767157835
2023-09-15,Static REPO,-0.0023282760316365152,static,0.8532379671220799
2023-09-22,Static REPO,-0.008955068573982471,static,0.8455971626165762
2023-09-29,Static REPO,-0.011210186440284127,static,0.8361178607702692
2023-10-06,Static REPO,-0.012410189560150643,static,0.8257414796234825
2023-10-13,Static REPO,0.009348524041023905,static,0.8334609436974133
2023-10-20,Static REPO,-0.019745072022936922,static,0.8170041973358029
2023-10-27,Static REPO,0.0023503294624029106,static,0.8189244263717081
2023-11-03,Static REPO,0.02554683588072926,static,0.8398453542909466
2023-11-10,Static REPO,-2.1419783997340294e-05,static,0.8398273649848665
2023-11-17,Static REPO,0.01675437051273702,static,0.8538981438245586
2023-11-24,Static REPO,0.0016841164786813626,static,0.855336207759689
2023-12-01,Static REPO,0.017455088022679262,static,0.8702661765551192
2023-12-08,Static REPO,0.0005969512718774644,static,0.8707856830560857
2023-12-15,Static REPO,0.021065209178205917,static,0.8891289656190492
2023-12-22,Static REPO,0.0020317718522294397,static,0.8909354728243958
2023-12-29,Static REPO,0.0040584925142488825,static,0.8945513277715323
2024-01-05,Static REPO,-0.012612076477330321,static,0.8832691780127804
2024-01-12,Static REPO,0.011827212745101132,static,0.8937157904923281
2024-01-19,Static REPO,-0.008157285141577054,static,0.8864254959537522
2024-01-26,Static REPO,0.002353586257324937,static,0.8885117748191714
2024-02-02,Static REPO,0.00458968756846381,static,0.8925897662664928
2024-02-09,Static REPO,-0.00528589205951489,static,0.8878716331085804
2024-02-16,Static REPO,-0.00510553298647113,static,0.8833385751979926
2024-02-23,Static REPO,0.005254067855793976,static,0.8879796960117232
2024-03-01,Static REPO,0.0025243647913993,static,0.8902212806918126
2024-03-08,Static REPO,0.006723230494464805,static,0.8962064435529814
2024-03-15,Static REPO,-0.009803104137526244,static,0.8874208384581095
2024-03-22,Static REPO,0.00929785181273902,static,0.8956719459096297
2024-03-29,Static REPO,0.0020891298017299176,static,0.8975431208644029
2024-04-05,Static REPO,-0.012856705430984725,static,0.8860036733478426
2024-04-12,Static REPO,-0.008882066598042714,static,0.8781341297150566
2024-04-19,Static REPO,-0.010276129644649941,static,0.8691103095527127
2024-04-26,Static REPO,0.004348066016389785,static,0.8728892585541729
2024-05-03,Static REPO,0.008958668672213932,static,0.8807091842090942
2024-05-10,Static REPO,0.0029697085315890984,static,0.8833246337872889
2024-05-17,Static REPO,0.007910390746763554,static,0.890312076796788
2024-05-24,Static REPO,-0.0023998051467087117,static,0.8881755012927142
2024-05-31,Static REPO,-0.000915154785376758,static,0.8873626832324517
2024-06-07,Static REPO,0.002059905315807243,static,0.8891905663406913
2024-06-14,Static REPO,0.012818718544233172,static,0.9005888499428
2024-06-21,Static REPO,-0.00036536081732339544,static,0.9002598100645125
2024-06-28,Static REPO,-0.006124377868636034,static,0.8947462788077309
2024-07-05,Static REPO,0.007958590203900709,static,0.9018671977772268
2024-07-12,Static REPO,0.009165546551480178,static,0.910133303561707
2024-07-19,Static REPO,-0.006156153840621542,static,0.904530382929508
2024-07-26,Static REPO,0.0011996587572792475,static,0.9056155107246147
2024-08-02,Static REPO,0.01216650367745213,static,0.9166336851662034
2024-08-09,Static REPO,-0.0057454574374422454,static,0.911367205342355
2024-08-16,Static REPO,0.012344615567147584,static,0.9226176831328121
2024-08-23,Static REPO,0.008495617414716562,static,0.9304558899887607
2024-08-30,Static REPO,-0.004285230918711846,static,0.9264686716404834
2024-09-06,Static REPO,0.0012339204401228016,static,0.9276118602715541
2024-09-13,Static REPO,0.011223297661891743,static,0.9380227242940828
2024-09-20,Static REPO,0.0013774152959062783,static,0.9393147711424332
2024-09-27,Static REPO,0.0009446424115556142,static,0.940202087713055
2024-10-04,Static REPO,-0.0122360258660098,static,0.9286977506485217
2024-10-11,Static REPO,-0.0024816339568469923,static,0.9263930627748649
2024-10-18,Static REPO,0.0016440041384228657,static,0.927916056803873
2024-10-25,Static REPO,-0.009942167693322587,static,0.9186905597618023
2024-11-01,Static REPO,-0.010123309564449765,static,0.909390370831396
2024-11-08,Static REPO,0.01521397156281371,static,0.9232258100727214
2024-11-15,Static REPO,-0.011695024993149936,static,0.9124286611495999
2024-11-22,Static REPO,0.004244350337726336,static,0.9163013280457013
2024-11-29,Static REPO,0.01426808748213544,static,0.9293751955542543
2024-12-06,Static REPO,0.0018146832110386604,static,0.9310617171183824
2024-12-13,Static REPO,-0.013071029309686696,static,0.9188917821248007
2024-12-20,Static REPO,-0.01288338795440452,static,0.9070533428075728
2024-12-27,Static REPO,-0.0017745529436532007,static,0.9054437286280431
