Industry Name,number_of_firms,forward_pe,expected_growth,peg_ratio,pbv,roe,roic,price_sales,net_margin,ev_sales,pre_tax_operating_margin,ev_ebitda,beta,de_ratio,effective_tax_rate,std_dev_equity,retention_ratio,fundamental_growth,net_capex_sales,sales_invested_capital,dividend_payout,dividend_yield,cost_of_equity,after_tax_cost_of_debt,cost_of_capital,raw_pe_score,raw_pbv_score,raw_ps_score,raw_ev_ebitda_score,adj_pe_score,adj_pbv_score,adj_ps_score,adj_ev_ebitda_score,raw_composite_score,adjusted_composite_score,quality_overlay_delta,pe_model_predicted,pe_model_residual,pe_model_mispricing,pe_model_mispricing_z,pbv_model_predicted,pbv_model_residual,pbv_model_mispricing,pbv_model_mispricing_z,ps_model_predicted,ps_model_residual,ps_model_mispricing,ps_model_mispricing_z,ev_ebitda_model_predicted,ev_ebitda_model_residual,ev_ebitda_model_mispricing,ev_ebitda_model_mispricing_z,regression_composite_score,final_value_score,valuation_regime,action,score_q25,score_q75
Tobacco,10.0,17.640465594812504,0.06113333333333334,3.240374724058514,,,0.6307780350577148,5.298208543770406,0.2665422452740549,6.395192946988778,0.43683887646075187,13.460903542148296,0.794314579701523,0.22968502777837752,0.1476725198349122,0.659579872239021,0.12395332322536812,,-0.009100870596708189,1.8241696810329024,0.8760466767746319,0.044072151230614774,0.07492643025468793,0.04514625,0.0693639802170545,0.6106973854458652,,-0.9112680248924512,0.2304281920829464,0.8220075103654467,,,5.4982483794334325,-0.02338081578787987,3.1601279448994397,3.1835087606873196,23.71439830839249,-6.073932713579985,6.073932713579985,0.41702404778075397,,,,,,,,,10.41836590889854,3.042537633249756,-3.042537633249756,-0.5252358378762104,-0.054105895047728225,1.8744344089205724,cheap,overweight,-0.33695857719619016,0.5694306980667888
Precious Metals,56.0,16.451797046608633,0.7176666666666667,0.2584914092880965,3.6400986846215324,0.23523056888876692,0.25451637862422194,5.840427032700466,0.2858521770271587,5.981737028870388,0.40431075341190764,10.676341144431332,0.8365606512291942,0.07281104300881082,0.05974812957530874,0.6994720354601837,0.7484904425845089,0.17606783261695896,0.06119648959370419,0.6777961663635823,0.25150955741549114,0.012309811273699464,0.07681060504482207,0.04514625,0.0746615642309349,0.6882593291516239,0.19215332619533063,-1.1239501882663099,0.5552298247659907,3.880881324090646,1.4646086396897966,1.8899917466452258,2.3323654676255052,0.07792307296165885,2.3919617945127936,2.314038721551135,36.14087452285588,-19.68907747624725,19.68907747624725,1.3518126020487355,6.499473770682579,-2.8593750860610467,2.8593750860610467,0.34968297858406094,6.857602099034774,-1.0171750663343078,1.0171750663343078,0.606157190966074,19.343027690926398,-8.666686546495066,8.666686546495066,1.496137408495002,0.9509475450234681,1.8155560947170635,cheap,overweight,-0.33695857719619016,0.5694306980667888
Banks (Regional),568.0,11.00251498249285,0.13958064516129032,0.9023849868380412,1.1380354084653936,0.09754318761860904,,3.674198460336103,0.2749474644728205,4.276272252419073,-0.0012057021094349254,,0.3984765556409175,0.5210229274429405,0.17609708151159398,0.2268255755296142,0.6391118692146253,0.06234100896808212,-0.013024346742433664,0.328788112408653,0.36088813078537474,0.027005965406859817,0.05727205438158492,0.0354795,0.04980706468584031,1.0438310394760888,0.3492762078629307,-0.2742591715659453,,2.1751473284618834,,2.681418672468645,,0.3729493585910248,2.4282830004652642,2.0553336418742396,18.85641761536821,-7.853902632875359,7.853902632875359,0.5392332153293078,,,,,5.126351121833586,-1.4521526614974833,1.4521526614974833,0.8653699911455793,,,,,0.7023016032374436,1.7378904415741359,cheap,overweight,-0.33695857719619016,0.5694306980667888
Bank (Money Center),15.0,13.043519160123855,0.13737777777777777,1.0314602501320034,1.6223296378573757,0.12860334221749448,,4.0936392297248,0.2888846768058161,8.30955725045144,0.0007750801437471605,,0.7610461819725333,1.6418966357638234,0.1843478364577707,0.22738717670540012,0.7188916594931534,0.09245187010310052,0.017948244308411583,0.1906379954861498,0.2811083405068467,0.019837579116662663,0.07344265971597498,0.0354795,0.049849161250959236,0.9106532487724995,0.31886382556140913,-0.4387824625677217,,1.1427963507418217,,2.1913299012972853,,0.2635782039220624,1.6670631260195536,1.4034849220974912,24.37623245772904,-11.332713297605183,11.332713297605183,0.7780813839342928,,,,,6.969406778090805,-2.8757675483660057,2.8757675483660057,1.7137336891976302,,,,,1.2459075365659615,1.4986008902381167,cheap,overweight,-0.33695857719619016,0.5694306980667888
Telecom. Services,39.0,26.498753596415686,0.5942399999999999,0.13498434637043566,1.6363123432712194,0.19817526096196145,0.12036566743047672,1.392285064367891,0.14196223860576973,2.614800563000675,0.20823790500775086,6.535199474016229,0.6287201518745624,0.9606320738181406,0.034002984466728295,0.6028775992480886,0.5231829095047204,0.10368190962193621,0.009079285207758405,0.6028725777224047,0.47681709049527965,0.04861793270972969,0.06754091877360549,0.039684750000000005,0.05389249919761376,0.03268424936353995,0.31798574905987975,0.620808568827741,1.0382678693885163,3.2043954674945265,1.1190111815808284,1.8997801000797505,1.8060087007155614,0.5024366091599193,2.0072988624676666,1.5048622533077474,30.762817313658097,-4.264063717242411,4.264063717242411,0.2927620695210822,1.7005062770211783,-0.06419393374995885,0.06419393374995885,0.007850500646151212,2.8153630869833655,-1.4230780226154744,1.4230780226154744,0.8480437687317877,9.807575558264789,-3.2723760842485596,3.2723760842485596,0.5649130435308799,0.4283923456074753,1.3757362557235902,cheap,overweight,-0.33695857719619016,0.5694306980667888
Hospitals/Healthcare Facilities,31.0,15.651865383846461,0.14980000000000002,1.042283538920814,5.622736292515395,0.5083628028154341,0.22163970318779982,1.0811202513149862,0.0629514925775366,1.6887450167827869,0.12855081802384957,8.864021416745029,0.7996783314027625,0.5992038400269105,0.11347796258733156,0.5645694737555678,0.9066461682492271,0.46090518725305074,0.029611844166866057,1.950308515636748,0.09335383175077289,0.005435808865290764,0.07516565358056321,0.039684750000000005,0.06187135479202336,0.7404557590894438,0.06764898722696597,0.7428612227984736,0.7666254849885179,0.8041874620433598,3.4658523074785483,3.194852196368309,1.503425861194294,0.5793978635258503,2.242079456771128,1.6626815932452776,25.129682390144026,-9.477817006297565,9.477817006297565,0.6507279218379556,2.3444365830588856,3.278299709456509,-3.278299709456509,-0.4009147357694872,0.07408189009095523,1.007038361224031,-1.007038361224031,-0.6001165034790779,9.669468145947835,-0.8054467292028065,0.8054467292028065,0.1390449482216014,-0.05281459229725202,1.3241218371437757,cheap,overweight,-0.33695857719619016,0.5694306980667888
Insurance (Prop/Cas.),57.0,16.357471629790005,0.15332857142857143,0.7681827655726569,2.0238527600266036,0.18714725400678406,0.18488979223477825,1.3601061020692313,0.1113297623048451,1.4887819132240936,0.15300408913331123,8.4356789458995,0.4841100151289049,0.1482928711512957,0.1836669176395358,0.28696879528535113,0.7751429872779724,0.1450658815316881,-0.010506217293196982,1.4802983119047362,0.2248570127220276,0.01840538597748798,0.06109130667474916,0.0354795,0.057783745996990626,0.6944141674203436,0.2936492474120019,0.6334305864396996,0.8165889313067564,1.5984866918160707,1.4607926251072,2.114571750669643,1.7734324124950547,0.6095207331447003,1.736820870021992,1.1273001368772917,20.377788106636693,-4.020316476846688,4.020316476846688,0.2760268724719036,2.7285588644879875,-0.7047061044613838,0.7047061044613838,0.0861809738903083,1.238269738805179,0.12183636326405223,-0.12183636326405223,-0.07260499215716266,8.841921700246793,-0.40624275434729284,0.40624275434729284,0.07013002933108553,0.0899332208840337,1.0780658103668086,cheap,overweight,-0.33695857719619016,0.5694306980667888
Financial Svcs. (Non-bank & Insurance),176.0,16.37554965999033,0.22023033898305083,1.0025962024935515,3.660922776908981,0.28817318153849353,,5.221074316001077,0.2218853645963704,18.9059051763244,0.18536600836987463,57.52355973366111,0.9697132427444908,2.721299675975284,0.12056567700542625,0.42469192147740364,0.8147591858951482,0.23479174678711773,0.02380286567733603,0.07085584556984825,0.1852408141048518,0.0078723693799602,0.0827492106264043,0.038003999999999996,0.05002808150982288,0.6932345558601426,0.19084562889626688,-0.8810125563551748,-4.909202610620189,0.8259019176962235,,1.5447925600696537,,-1.2265337455547385,1.1853472388829385,2.411880984437677,29.072838909657065,-12.697289249666735,12.697289249666735,0.8717704341538792,,,,,5.670003690538211,-0.44892937453713433,0.44892937453713433,0.2675269750685647,,,,,0.569648704611222,0.9390678251742518,cheap,overweight,-0.33695857719619016,0.5694306980667888
Household Products,110.0,16.850918279056067,0.08024823529411765,2.4493089179371963,5.847090055850471,0.2702119723935352,0.34419837512001855,2.6734443296061743,0.11678213022511653,3.059468148726035,0.1879000635250528,13.173520164126762,0.8155158251324154,0.18147628375519134,0.06500436608160612,0.5546378639806525,0.32753726284693185,0.08850448982624924,0.011319961336635119,2.2144292627404347,0.6724627371530681,0.029374702166817302,0.07587200580090572,0.039684750000000005,0.07031359655279625,0.6622162252017147,0.053560170951170855,0.11828102740248354,0.2639496496964994,0.7686458257981281,1.9655004387549309,0.6540026454183268,2.0398857072524166,0.27450176831296713,1.3570086543059505,1.0825068859929834,24.315669932809474,-7.464751653753407,7.464751653753407,0.5125148889724079,8.553829137569409,-2.706739081718938,2.706739081718938,0.3310165878409548,3.1343917006195943,-0.46094737101342,0.46094737101342,0.27468876582240065,11.509291343052537,1.664228821074225,-1.664228821074225,-0.287297225086749,0.20773075438725364,0.8972974943384717,cheap,overweight,-0.33695857719619016,0.5694306980667888
Oil/Gas (Production and Exploration),142.0,16.144658214240128,0.04896206896551724,2.590541757883193,1.355720743666191,0.12211066139642923,0.13731095270967508,2.00440454161324,0.14630440788275073,2.6825885994843817,0.2582417593468005,5.14585933864515,0.72140595546977,0.37587625587778695,0.06664478996170788,0.42219200974609405,0.5830121872219856,0.07119200378385548,0.19048691874575868,0.5740994431768883,0.4169878127780144,0.030436548000290026,0.07167470561395174,0.038003999999999996,0.06247619033696484,0.7083004792788102,0.33560615103843955,0.3807081345531567,1.2003256292327893,0.6569793037962594,0.44814097686085785,1.3154795963026529,0.997881470807251,0.656235098525799,0.8546203369417552,0.19838523841595623,22.198452702244314,-6.053794488004186,6.053794488004186,0.41564139757029556,3.6181959144714373,-2.262475170805246,2.262475170805246,0.2766860005727731,3.489144680988153,-1.484740139374913,1.484740139374913,0.8847895922591203,15.577910908228853,-10.432051569583702,10.432051569583702,1.8008938614394903,0.8445027129604198,0.8505732873492211,cheap,overweight,-0.33695857719619016,0.5694306980667888
Cable TV,9.0,9.214665345179071,0.05433333333333334,0.9311320282281719,1.3131997350000801,0.11059819032478371,0.12062120565621212,0.8571505061156779,0.07083622978758933,2.055485525649577,0.1824212201235962,6.2077663815507576,0.7407444081777597,1.469394514839746,0.10643042905457614,0.4404071378928042,0.6653556421031055,0.07358712993898793,-0.007789571312670031,0.7433975512121364,0.3346443578968945,0.02765552194623049,0.07253720060472808,0.038003999999999996,0.05198848097183416,1.1604902151001326,0.3382763566550202,0.8307121000956974,1.0764608734721883,1.0294455999820356,0.26832432488132507,0.8834002603452153,1.8757654491394398,0.8514848863307597,1.014233908587004,0.16274902225624432,22.564420658622808,-13.349755313443737,13.349755313443737,0.9165674465322874,3.3908250493379057,-2.0776253143378254,2.0776253143378254,0.2540800652005769,1.767887804032898,-0.9107372979172201,0.9107372979172201,0.5427285631400799,8.429494364121272,-2.2217279825705143,2.2217279825705143,0.3835387755621727,0.5242287126087792,0.8182318301957141,cheap,overweight,-0.33695857719619016,0.5694306980667888
Shipbuilding & Marine,8.0,11.564871509098312,0.16399999999999998,0.8337148367490067,1.4992122096709357,0.10153624613557122,0.11992332943837858,1.4536264965439019,0.0948059646207709,1.7362537616576743,0.13517329302988534,7.953007498779779,0.7529325380371511,0.22550196647883228,0.052561473759605716,0.500867632683849,0.8533489687521556,0.08664585093075475,0.04891888371061272,0.936400727916788,0.14665103124784443,0.00956462510358678,0.07308079119645694,0.039684750000000005,0.06693565788096567,1.0071366511833668,0.3265952707588607,0.5967477358498976,0.8728895098833074,1.2964060289061488,0.16297356925362536,0.9876735977130855,0.6290101935228729,0.7008422919188582,0.7690158473489331,0.06817355543007497,24.688361188656522,-13.12348967955821,13.12348967955821,0.901032501552463,3.5488432339562337,-2.049631024285298,2.049631024285298,0.2506565455732869,2.3346500634805047,-0.8810235669366029,0.8810235669366029,0.5250214915646417,13.725891392387776,-5.772883893607998,5.772883893607998,0.9965778157302969,0.6683220886051722,0.7287383438514288,cheap,overweight,-0.33695857719619016,0.5694306980667888
Education,32.0,18.114673151582316,0.1903076923076923,0.7902513189084922,2.6032866615094417,0.15904839202146528,0.15944153901851482,1.7441040280276947,0.08793646859020393,1.9902138121744768,0.13541694660731066,9.26128390279208,0.7809055888612572,0.24378635749927063,0.15540367121320292,0.4723775113573218,0.8617056788710489,0.13705290262020545,0.00648504587962242,1.6274535457682093,0.13829432112895118,0.006972700040095594,0.07432838926321207,0.039684750000000005,0.06753811810806143,0.5797548153925038,0.2572623481658925,0.48280955213104615,0.7202873227776087,0.9418945376304165,0.6564873292713425,1.0808196850972758,0.9995796178517325,0.5100285096167627,0.9196952924626919,0.40966678284592917,25.597595878399645,-7.482922726817328,7.482922726817328,0.5137624784336303,4.238819224047276,-1.6355325625378345,1.6355325625378345,0.2000149965730101,2.0673117771040053,-0.32320774907631056,0.32320774907631056,0.19260666896269743,12.784331389141382,-3.523047486349302,3.523047486349302,0.6081866591059678,0.37864270076882645,0.7032742557851457,cheap,overweight,-0.33695857719619016,0.5694306980667888
Transportation,19.0,19.762586774599423,0.15796249999999998,0.8448631725801385,4.787260376058109,0.3658208748571981,0.1300079849084052,1.266130090888278,0.08233235401615857,1.6396952282383208,0.0764242458721698,12.549963074582672,0.8599219267913129,0.3644955938376248,0.08538457407963723,0.381329406156173,0.7087716901543859,0.2592834797662924,0.022045419101904377,1.9753481122837149,0.2912283098456141,0.018937637197228865,0.07785251793489256,0.038003999999999996,0.06720784508008498,0.472226620208455,0.12011464019770877,0.670292150128999,0.3366836494521026,0.5995106757331752,1.9499706500773453,1.875449786089683,0.02267318058933139,0.39982926499681637,1.1119010731223837,0.7120718081255674,26.280699674045984,-6.51811289944656,6.51811289944656,0.44752056919264654,1.6599255523510585,3.1273348237070504,-3.1273348237070504,-0.3824527119630217,1.7332990563231636,-0.4671689654348856,0.4671689654348856,0.27839635198201496,12.254824465066838,0.2951386095158348,-0.2951386095158348,-0.05095002709731363,0.07312854552858154,0.6963920620848628,cheap,overweight,-0.33695857719619016,0.5694306980667888
Publishing & Newspapers,19.0,13.50887930681605,0.09391666666666666,1.78081071278729,2.28394156252412,0.13834733920348685,0.17632773244458913,1.4704831295543945,0.0818733439701034,1.6994070024135182,0.09837572856160526,11.237817589409497,0.563007176601541,0.2393987480231246,0.10205812286876828,0.35925309700015134,0.7691123267142774,0.10640464394952315,-0.0059039317870506125,2.1648896739389594,0.23088767328572254,0.01285533000239671,0.06461012007642873,0.038003999999999996,0.059470957360467105,0.8802879820585922,0.27731636625454914,0.5901358160259441,0.489737140460729,1.286686620707909,0.9024115298684454,1.3259178401275489,1.0300543762645247,0.5593693261999536,1.136267591742107,0.5768982655421534,20.509896813970954,-7.001017507154904,7.001017507154904,0.4806758318033538,3.528171049426362,-1.2442294869022419,1.2442294869022419,0.15216117505641696,1.0722665810369167,0.3982165485174778,-0.3982165485174778,-0.2373060768343992,8.64966219899406,2.5881553904154373,-2.5881553904154373,-0.44679544804404175,-0.012816129504667526,0.6766341032433972,cheap,overweight,-0.33695857719619016,0.5694306980667888
Diversified,20.0,14.880623073280356,0.07565,2.2211658469898983,1.7829541657731918,0.11373244135744745,0.14821356557111473,2.8485879588416343,0.1636643436903824,3.0801449685443743,0.228234420750008,11.415462094849877,0.8809551761105191,0.15552702199112797,0.02756045788007777,0.2841172358254972,0.9341175890575828,0.10623947391845173,0.023158588136211408,0.676059005857545,0.06588241094241719,0.0037852443749061813,0.07879060085452916,0.0354795,0.07296118587169716,0.7907801769147633,0.30877703481828966,0.04958192044202089,0.46901602986485424,0.24485227119752934,0.15210322585806293,1.1156262419664207,0.865222188452805,0.40453879050998204,0.5944509818687045,0.18991219135872245,25.016608832961417,-10.135985759681061,10.135985759681061,0.6959164694563937,5.061929448469944,-3.278975282696752,3.278975282696752,0.40099735398353203,4.467860994441198,-1.6192730355995635,1.6192730355995635,0.9649607301163898,16.92461160909185,-5.509149514241974,5.509149514241974,0.9510491273718499,0.7532309202320414,0.6579629572140393,cheap,overweight,-0.33695857719619016,0.5694306980667888
Beverage (Soft),27.0,23.6967654296752,0.15435714285714286,1.7008442314530723,6.869060540041212,0.30915585095530196,0.2902563541349132,3.569335598364522,0.13397826583728403,4.156113450493375,0.20629192027049995,16.90424497023079,0.6414687070147179,0.20587118525522147,0.0684627965508008,0.5788689759563741,0.27331944607994185,0.08449830593547619,0.04690315914240828,1.544178598437808,0.7266805539200581,0.027276617103893695,0.06810950433285642,0.039684750000000005,0.06325671579570011,0.21551709101760663,-0.010616842070645798,-0.23312730167028975,-0.17121585749673848,1.1633851225517813,2.2805621498038877,0.8017250820869123,1.310833894693458,-0.04986072755501685,1.3891265622840099,1.4389872898390268,23.00767319304675,0.6890922366284506,-0.6890922366284506,-0.0473116920064979,5.448652271980642,1.4204082680605703,-1.4204082680605703,-0.1737066943060884,2.7709629374655287,0.7983726608989934,-0.7983726608989934,-0.4757679828101457,10.58630229564343,6.317942674587359,-6.317942674587359,-1.0906717728241664,-0.4468645354867246,0.6547301231757161,cheap,overweight,-0.33695857719619016,0.5694306980667888
Homebuilding,30.0,14.347905676674683,0.019666666666666662,5.721565699323108,1.6330949800418872,0.14231430358554786,0.1490812879349228,1.0674223258119053,0.0947013341324965,1.1916269386724603,0.12633855565477978,8.918125636141264,0.9106178132748846,0.21344150553857202,0.16989203344780976,0.32794046675316896,0.9042781141111667,0.12869171005738325,0.006827851467460641,1.4215189273359097,0.09572188588883335,0.008492412122311638,0.08011355447205985,0.038003999999999996,0.07270658292621202,0.8255405790378293,0.31818779086544935,0.7482341573058857,0.7603145692017692,-0.06870486875296403,0.3488719567447904,1.1215880165845495,0.7560927090605499,0.6630692741027333,0.5394619534092314,-0.12360732069350189,24.461177502393287,-10.113271825718604,10.113271825718604,0.6943569762699001,4.969170283248976,-3.336075303207089,3.336075303207089,0.40798031517201017,2.8566959547090587,-1.7892736288971534,1.7892736288971534,1.0662678556117033,14.728355754463966,-5.810230118322702,5.810230118322702,1.0030249260027142,0.7929075182640819,0.6408401793511717,cheap,overweight,-0.33695857719619016,0.5694306980667888
Brokerage & Investment Banking,32.0,19.857668423089113,0.203,0.975389824567232,2.8085918563185617,0.17767908407709018,,2.8710147299025977,0.14448752194167302,5.782260395845316,-0.0011834423605146533,,1.171457071047836,1.3557362534403625,0.15273177578181318,0.366085597210624,0.7238692396451067,0.12861642349172225,0.016386115473305877,0.2748679414806701,0.2761307603548932,0.013896636920738493,0.09174698536873349,0.038003999999999996,0.06081766824925591,0.46602243698281864,0.24436973104579537,0.04078514518607572,,0.11807075720268856,,0.4878339154226875,,0.2503924377382299,0.30295233631268803,0.05255989857445814,31.90146747941988,-12.043799056330766,12.043799056330766,0.826903107092337,,,,,5.229561570530334,-2.358546840627737,2.358546840627737,1.4055103934359998,,,,,1.1162067502641684,0.6282541018932801,cheap,overweight,-0.33695857719619016,0.5694306980667888
Insurance (General),21.0,21.507733994086156,0.24578571428571427,1.112302662797283,3.451731948410647,0.190716563362503,0.4450609958826383,3.530093202418245,0.1236640957470145,4.324047602881805,0.21460520473886202,15.757904857302774,0.6719750422408106,0.2562761358769038,0.12768801589234566,0.46070163153831,0.6335779025213242,0.12083380019128988,0.5504301315293023,2.4099775661530343,0.3664220974786759,0.012836277896397632,0.06947008688394016,0.039684750000000005,0.06339397763978913,0.35835382480167693,0.20398225341944293,-0.2177346917976591,-0.037502516903488874,1.4498010942321846,2.0640506656857966,0.8855840656702826,-0.38278279235479384,0.07677471737999296,1.0041632583083675,0.9273885409283745,25.016943126686364,-3.5092091326002084,3.5092091326002084,0.24093526648957286,11.375995704342554,-7.924263755931907,7.924263755931907,0.969085926071062,2.4975155494485963,1.0325776529696489,-1.0325776529696489,-0.6153359340925086,13.391837074701463,2.366067782601311,-2.366067782601311,-0.408456276985841,0.04655724537057128,0.6211208531332489,cheap,overweight,-0.33695857719619016,0.5694306980667888
Food Wholesalers,13.0,16.64174749118652,0.3693000000000001,0.6676697328920748,4.878554826122564,0.18220724511066666,0.17837019301943033,0.3141862273451012,0.011709648797144959,0.45685204851364397,0.02545614814527601,11.075252232041779,0.866641638658665,0.4696855126722596,0.09152840668006618,0.3397822415435992,0.6192526356460784,0.11283231676859136,0.015039535872964,7.712909587317783,0.3807473643539217,0.01419036714211505,0.07815221708417647,0.038003999999999996,0.06532155653709673,0.6758648515560854,0.11438159291186112,1.043686795354657,0.5086993635856368,2.007716401574519,0.6383848884165141,0.4464326307934495,0.3916912071735057,0.5856581508520601,0.871056281989497,0.28539813113743695,30.28192834439772,-13.640180853211199,13.640180853211199,0.936507482071692,5.088526058745613,-0.2099712326230483,0.2099712326230483,0.025678116312378152,0.7518395688742721,-0.43765334152917085,0.43765334152917085,0.2608073368080831,9.646866601385206,1.4283856306565728,-1.4283856306565728,-0.24658341620146526,0.24410237974767196,0.620274721092767,cheap,overweight,-0.33695857719619016,0.5694306980667888
Information Services,15.0,13.216406137942396,0.1011625,2.329023086555578,3.7949389473221435,0.149460900440439,0.2217430042193927,1.7046649321669063,0.065253559509469,2.2125353891144477,0.12451459519593001,11.498322009159963,0.9205673234850804,0.3316984905170498,0.18162842926123732,0.32375244548022786,0.6793266502742576,0.10153277284317774,-0.028717169572858893,2.5121429063367,0.3206733497257424,0.012275185061049104,0.08055730262743459,0.038003999999999996,0.06995815698857832,0.8993721813451813,0.18242977183699952,0.49827931644272283,0.4593509437191967,0.6031518476995534,0.5203804585585986,0.33423289092389424,1.2726748727750792,0.5098580533360251,0.6826100174892814,0.17275196415325633,26.187832920038925,-12.971426782096529,12.971426782096529,0.8905921677511088,7.040234046020425,-3.245295098698281,3.245295098698281,0.39687848650187235,2.324661017745963,-0.6199960855790565,0.6199960855790565,0.3694694237825966,11.975281425010714,-0.4769594158507502,0.4769594158507502,0.08233790625285892,0.4348194960721092,0.5834938089224125,cheap,overweight,-0.33695857719619016,0.5694306980667888
Metals & Mining,73.0,29.816398023177317,0.3441666666666667,0.855616892040423,4.336765520107329,0.17794348748808222,0.2704361776786952,3.811745240474737,0.10516719648470058,4.0344825480569595,0.23757192582315506,11.3906369554613,1.0430314762308461,0.10984521282049067,0.02516414295193868,0.7756025957468325,0.48000550628257177,0.08541385380140339,0.046138468920865205,1.175715601360768,0.5199944937174282,0.014346804322350833,0.08601920383989574,0.04514625,0.08197386647097057,-0.1837957362918691,0.14840451224769113,-0.32821112518286927,0.4719117257241408,0.720253717069028,0.7067239488571504,-0.37685767612831034,1.390509533850347,0.027077344124273386,0.6101573809120537,0.5830800367877803,32.59301413023955,-2.7766161070622353,2.7766161070622353,0.19063689749336327,8.925058892600314,-4.588293372492984,4.588293372492984,0.5611184419044072,3.9064729034550325,-0.09472766298029534,0.09472766298029534,0.05645031617403209,18.4876134579952,-7.096976502533899,7.096976502533899,1.225157039623763,0.5083406737988914,0.5694306980667888,cheap,overweight,-0.33695857719619016,0.5694306980667888
Office Equipment & Services,14.0,10.311300073982958,0.144,1.2626290132063052,2.9240789608547852,0.1322566194736466,0.18260160203320722,1.0248687807987844,0.04375087418121427,1.433663742966214,0.10879197361957307,8.594854468833645,1.334375038621748,0.4810247634925184,0.12297383351664745,0.3960756696465002,0.42596387792393986,0.056336542512105375,0.018695169513859498,2.2050306785340026,0.5740361220760601,0.024505168488835726,0.09901312672252996,0.038003999999999996,0.07919785997210449,1.0889335803849365,0.23711744976534127,0.7649255468423735,0.798022110978156,0.2848253952084153,-0.3327941645312152,-0.7320411460602432,0.6783268728925569,0.7222496719927018,-0.025420760622621552,-0.7476704326153234,33.44410751941955,-23.132807445436598,23.132807445436598,1.5882522004006216,8.801876384598486,-5.877797423743701,5.877797423743701,0.7188164017613388,3.9011954444097934,-2.876326663611009,2.876326663611009,1.7140668783776982,16.335232753465718,-7.740378284632072,7.740378284632072,1.3362280319488198,1.3393408781221197,0.5204838948752749,neutral,market_weight,-0.33695857719619016,0.5694306980667888
Software (Entertainment),77.0,18.52404911072549,0.20546,1.4417045920871183,9.098095158592308,0.36508850605050824,0.2701916640773067,9.014628755312186,0.29930348659906064,9.12764468187753,0.3366881234390564,22.01423459051252,1.028311248084757,0.02044609811708157,0.05286401405640245,0.5706184370658361,0.9166306633483259,0.33465131948192667,0.1952111132285167,1.3447422464090115,0.08336933665167408,0.002768026705547096,0.08536268166458016,0.039684750000000005,0.08444745892589496,0.5530425791298952,-0.15059425428926945,-2.3690130238812146,-0.7672639018938453,0.3918019372248749,1.9295351348063632,1.5001602275615147,-0.31581499681534114,-0.6834571502336085,0.8764205756943529,1.5598777259279615,29.668526535200627,-11.144477424475138,11.144477424475138,0.7651574861152192,6.7859301885119185,2.3121649700803895,-2.3121649700803895,-0.2827627398926633,7.323823786091768,1.6908049692204186,-1.6908049692204186,-1.0075881965015572,22.86973812587863,-0.8555035353661111,0.8555035353661111,0.14768629689031387,-0.09437678834717186,0.488101630077743,neutral,market_weight,-0.33695857719619016,0.5694306980667888
Air Transport,23.0,11.366097572177852,0.30210000000000004,0.42605137718074926,2.8414228484458723,0.1419484078609557,0.07929312533704834,0.5777204310691183,0.025083018730598778,1.0259549224502678,0.04880951633944019,7.57525768425806,1.185465100406711,0.91170567766528,0.0829257860360182,0.590043262853523,0.8679284595139736,0.12320106296522049,0.03606573056646115,1.7998836515635137,0.13207154048602646,0.00573417996946987,0.09237174347813931,0.039684750000000005,0.06724495139171459,1.0201068714595685,0.24230803255071404,0.9403169809434393,0.9169516420887006,1.065535953132048,-0.40105885515185935,-0.03863844281750084,0.009739353450571087,0.7799208817606056,0.15889450215331474,-0.6210263796072908,33.87644897820616,-22.510351406028313,22.510351406028313,1.5455156161544286,4.762949595354373,-1.9215267469085004,1.9215267469085004,0.23499022550886112,2.4729342170448048,-1.8952137859756863,1.8952137859756863,1.1293999458001223,12.819019063006614,-5.243761378748554,5.243761378748554,0.9052349496982588,0.9537851842904177,0.4768507750081559,neutral,market_weight,-0.33695857719619016,0.5694306980667888
Business & Consumer Services,155.0,18.70395670353672,0.12799736842105264,1.8865775607366422,5.299415367043293,0.18195761920089848,0.28297691435712685,2.201714861062905,0.07032930062638384,2.5297327118936694,0.12320450198119302,14.257163978296907,0.8879785335242745,0.19716100170472986,0.10382630217002471,0.41106991639716206,0.5739567280263185,0.10443579975600652,0.033591319257448515,2.7985106130500914,0.42604327197368147,0.01360908530181792,0.07910384259518263,0.038003999999999996,0.0723350904186299,0.541303408772483,0.08795267658515697,0.3033142675912451,0.13754943673021047,0.548227852521957,0.9591929888979388,0.2784445319095098,0.9467884141352297,0.2675299474197739,0.6831634468661588,0.41563349944638495,26.215022703658725,-7.511066000122007,7.511066000122007,0.5156947391788107,8.230479117132328,-2.9310637500890344,2.9310637500890344,0.3584500360051815,2.2841026903797688,-0.08238782931686384,0.08238782931686384,0.04909673549949762,12.395162219177184,1.8620017591197229,-1.8620017591197229,-0.3214389341944239,0.1504506441222665,0.47007832576860187,neutral,market_weight,-0.33695857719619016,0.5694306980667888
Packaging & Container,19.0,15.27783507913951,0.18955454545454548,0.7352943060813758,2.1839676063332765,0.12293731853965369,0.14816927195835602,1.0339324738783697,0.04476116596313847,1.5482237405985284,0.09793193765128692,9.709567233288313,1.0219297750432532,0.55109591650755,0.1557025871337487,0.25447909143998576,0.44417512479852905,0.054605698804747194,0.05137826205765818,1.8403807026531327,0.555824875201471,0.024062857211563454,0.0850780679669291,0.0354795,0.06745596737321397,0.7648616521214118,0.2835944633107307,0.7613703640301335,0.6679979010109612,0.904400593433213,-0.013099637259973013,-0.14377076937570335,0.4123813663984245,0.6194560951183092,0.2899778882989903,-0.32947820681931894,29.45362153770195,-14.175786458562438,14.175786458562438,0.9732810895662646,5.879330161543258,-3.695362555209982,3.695362555209982,0.45191880965638564,2.5122745618928164,-1.4783420880144467,1.4783420880144467,0.8809768514943539,12.73634884124052,-3.0267816079522074,3.0267816079522074,0.5225158619395702,0.7071731531641435,0.45685599424505163,neutral,market_weight,-0.33695857719619016,0.5694306980667888
Retail (Special Lines),94.0,21.520800324058715,0.08080047619047617,3.0833930074317233,7.254263339516967,0.30115075589442497,0.21539093465658196,1.4337562975354283,0.05189818584789381,1.6260838705735732,0.0807616775541373,11.467549343074285,1.0893996802924664,0.19760978860946327,0.10067307943310284,0.5324516747558207,0.7006683149745739,0.21100679268586597,0.01590317882534068,2.98844717708956,0.29933168502542606,0.010835015299543196,0.088087225741044,0.039684750000000005,0.0801006485684676,0.35750123225070557,-0.03480654760560703,0.6045417100467759,0.46294038103790547,-0.4500979852699786,1.240235204319349,0.703338566704184,0.4302803579391977,0.34754419393244496,0.480939035923188,0.13339484199074303,28.410404727275804,-6.8896044032170884,6.8896044032170884,0.47302643136200767,6.308026913670436,0.9462364258465312,-0.9462364258465312,-0.11571856153036728,2.272839933197846,-0.8390836356624176,0.8390836356624176,0.5000285559610519,15.5221759883598,-4.054626645285515,4.054626645285515,0.699953617677051,0.38932251086743586,0.44429242590088713,neutral,market_weight,-0.33695857719619016,0.5694306980667888
Telecom (Wireless),12.0,35.626845444954895,0.151,1.2908365709264915,3.47189936412773,0.16061396496184466,0.10372019614469251,2.4788850514556793,0.12238502087265377,3.717039475911651,0.19736568208594377,8.974175092717237,0.5381352736640138,0.519466977505286,0.04023108287054421,0.40180999688678365,0.4855297239163604,0.07798285406503642,0.0038185464232577872,0.547755760741675,0.5144702760836396,0.025399909301918638,0.06350083320541502,0.038003999999999996,0.0547841167007108,-0.5629338875571352,0.20271579365263617,0.19459581383323737,0.7537767537727454,0.4341600412172063,0.7791717636823415,1.2491096426154966,1.3491062124345863,0.14703861842537091,0.9528869149874077,0.8058482965620368,21.274946826609245,14.35189861834565,-14.35189861834565,-0.9853725975232099,1.0413807112663829,2.430518652861347,-2.430518652861347,-0.2972366256458788,2.0546297699700404,0.42425528148563885,-0.42425528148563885,-0.25282313555387514,10.180288613174511,-1.206113520457274,1.206113520457274,0.20821239434089073,-0.3318049910955183,0.43901015255423725,neutral,market_weight,-0.33695857719619016,0.5694306980667888
Broadcasting,24.0,17.496380154411955,0.008677499999999998,15.522653845817942,1.664721591780748,0.03985249661675879,0.14567294791803095,0.8265024443382478,0.020595322975177813,1.395140428325257,0.12348868021987111,7.84701463710848,0.47075204848634544,0.8585429035988935,0.07728859528725333,0.46623069933478634,0.391718446205931,0.015610958052143875,-0.022588756128066975,1.2786649675026789,0.608281553794069,0.015157553551172367,0.06049554136249101,0.039684750000000005,0.05088211935972416,0.6200991205502839,0.3162017242374997,0.8427336305582637,0.8852529083662475,1.0704718732394936,0.17963601124320872,0.4440424272317514,1.6936522602852377,0.6660718459280737,0.8469506429999228,0.18087879707184917,17.66818465812404,-0.17180450371208522,0.17180450371208522,0.011795752923767557,3.1193346039694996,-1.4546130121887515,1.4546130121887515,0.177889712080409,-0.3915584453353693,1.2180608896736171,-1.2180608896736171,-0.7258695103203997,6.300677734736851,1.5463369023716291,-1.5463369023716291,-0.2669454437244085,-0.20078237226015794,0.4278574368958905,neutral,market_weight,-0.33695857719619016,0.5694306980667888
Building Materials,41.0,18.39166264070026,0.10185200000000001,1.680595043318975,3.61632689588609,0.15997617762076355,0.20164568716545334,1.6768916491430081,0.07422275694022355,2.0460612293412557,0.12797404500170892,11.607041141993484,1.1115321733442423,0.25998303924525584,0.1802113978781021,0.35282100910190417,0.7444632702141087,0.11909638834790674,0.02768461723598094,2.0607977148653194,0.2555367297858912,0.011310593975401377,0.08907433493115322,0.038003999999999996,0.07853655745549157,0.5616809434165725,0.1936461309473528,0.5091732310511549,0.4466695429083675,-0.21631280037858366,0.2531709048588084,0.20368725284026518,0.5293045638173344,0.42779246208086197,0.19246248028445606,-0.2353299817964059,29.12040621711945,-10.728743576419188,10.728743576419188,0.7366140332501353,7.594065592922034,-3.9777386970359436,3.9777386970359436,0.48645157551705515,3.326392989808929,-1.6495013406659207,1.6495013406659207,0.982974447806818,16.200614973205344,-4.5935738312118595,4.5935738312118595,0.7929925249620516,0.749758145384015,0.4153807463242797,neutral,market_weight,-0.33695857719619016,0.5694306980667888
Food Processing,78.0,17.23453404458622,0.02657588235294118,6.209667404210943,1.7958937888478672,0.04604119204406767,0.15949707214923414,1.0483640122347244,0.028162851559577935,1.4683157254855188,0.10765508966559474,10.01197493847315,0.6074530378003583,0.43733857874231813,0.10372593278493082,0.4346763943257051,-0.43111100498527444,-0.019848864572838035,0.022866939296630175,1.7091989611020568,1.4311110049852744,0.03844482100522041,0.06659240548589598,0.038003999999999996,0.05789381991348973,0.6371848701989676,0.30796446109780845,0.7557096739926195,0.6327239504395897,1.523321043012503,0.06426194338792485,-0.05369044315073346,0.9746889979275176,0.5833957389322463,0.627145385294303,0.04374964636205669,20.4065354845223,-3.172001439936082,3.172001439936082,0.2177832620850462,4.339450974931998,-2.54355718608413,2.54355718608413,0.31106050317240597,0.5728483223921832,0.4755156898425412,-0.4755156898425412,-0.283370350252492,8.850003062648204,1.1619718758249462,-1.1619718758249462,-0.20059218499645426,0.011220307502126464,0.38077535417743236,neutral,market_weight,-0.33695857719619016,0.5694306980667888
Drugs (Pharmaceutical),228.0,24.1877513935209,0.17805,1.4011337458240092,6.64396392026399,0.24044099573432734,0.16949548287090127,5.625235313421631,0.18537124465767768,6.239336284469536,0.295443503779666,15.247996808426507,0.9828330980612211,0.14537075884184583,0.029938702770438724,0.7664492440646036,0.4136500798899889,0.09945843709433298,0.011179218571909871,1.1116585547632123,0.5863499201100111,0.019322287591487238,0.08333435617353047,0.04514625,0.07848751166460263,0.18347971125715004,0.0035186236028554754,-1.0395424424392097,0.021975039400879335,0.37342361788492634,0.7859290795938135,0.035763481773633296,0.8108329753206217,-0.20764226704458122,0.5014872886432487,0.7091295556878299,28.651776191244043,-4.464024797723141,4.464024797723141,0.30649099657920525,4.957694743901003,1.6862691763629867,-1.6862691763629867,-0.2062197545049588,5.479459025723678,0.14577628769795314,-0.14577628769795314,-0.08687132430300411,19.727464200031694,-4.479467391605187,4.479467391605187,0.7732942340489275,0.19667353795504247,0.37956178836796617,neutral,market_weight,-0.33695857719619016,0.5694306980667888
Retail (Automotive),34.0,21.881623571266463,0.17819999999999997,1.34766279098958,7.478670033250118,0.34384064730254443,0.12190476293616061,0.892653702855193,0.03362763979070542,1.2705674096880286,0.058385963240031064,14.787289857638292,0.9360151956832995,0.45355394519631387,0.10773098945749512,0.44582095697030294,0.9322166010229195,0.32053395952189845,0.02250584245230053,2.3410772864573137,0.06778339897708052,0.0025535050348194205,0.08124627772747516,0.038003999999999996,0.06775334495577662,0.3339571143972092,-0.048898687768832425,0.8167861701552638,0.07571359807965988,0.22200603362600926,1.4598530151571878,1.7330997458272328,-0.4076656888097056,0.2943895487158251,0.7518232764501811,0.457433727734356,27.741411088378246,-5.8597875171117835,5.8597875171117835,0.4023212677443023,2.162619163863946,5.3160508693861726,-5.3160508693861726,-0.6501184511865273,0.638298307495309,0.25435539535988394,-0.25435539535988394,-0.1515760236967346,12.271142829577842,2.51614702806045,-2.51614702806045,-0.43436458371477527,-0.20843444771343372,0.36772018678473517,neutral,market_weight,-0.33695857719619016,0.5694306980667888
Power,46.0,17.593770652741394,0.09595945945945945,2.186098414018924,2.275661991140573,0.12399093984234143,0.06921872420290816,2.736049369214486,0.12726847234883484,4.695806461850637,0.21356031922262156,12.381410319081745,0.4824326713170223,0.7414865026995126,0.12748334654668436,0.25379988697855693,0.4504210803790405,0.05584813308100004,0.24346143806045178,0.371733512663962,0.5495789196209595,0.02556389161770258,0.061016497140739194,0.0354795,0.050143407587657896,0.613744282306841,0.277836301192707,0.09372455149131384,0.3563442647878599,1.4658700796558513,0.5192450251429047,1.160871855048527,-0.4997859822825691,0.33541234994468044,0.6615502443911785,0.32613789444649804,19.422671484244514,-1.8289008315031197,1.8289008315031197,0.12556866592180022,0.08727811102106298,2.18838388011951,-2.18838388011951,-0.2676251175356299,2.0190487640922856,0.7170006051222004,-0.7170006051222004,-0.4272765693010136,11.951770888556927,0.42963943052481746,-0.42963943052481746,-0.07416901727369316,-0.16087550954713412,0.33257994281585346,neutral,market_weight,-0.33695857719619016,0.5694306980667888
Hotel/Gaming,63.0,29.067223680852234,0.1357335,1.820815661707947,12.303472671975985,0.4538326736020845,0.14575119045322596,3.2578958226303185,0.10381085334325345,4.327076142389566,0.16441242100933073,14.932670744376049,1.0803675683074194,0.39750202770666376,0.08308178299623932,0.3965335196981276,0.8171952336060185,0.3708698977222994,0.025178245295240296,1.0398999558513293,0.1828047663939815,0.005824961824363007,0.0876843935465109,0.038003999999999996,0.07355342501803572,-0.1349112779178171,-0.35188338895459936,-0.11096679512886919,0.05875583501712368,-0.7152004235650196,1.9069132965316369,1.6710975080067523,0.0860787350866531,-0.1347514067460405,0.7372222790150057,0.8719736857610462,29.232692804726916,-0.16546912387468282,0.16546912387468282,0.011360778440412618,2.590648227183375,9.71282444479261,-9.71282444479261,-1.187815267355469,2.7365382401346636,0.5213575824956549,-0.5213575824956549,-0.3106885512179561,16.01445323498624,-1.081782490610193,1.081782490610193,0.1867490237905673,-0.32509850408561125,0.3122939657747589,neutral,market_weight,-0.33695857719619016,0.5694306980667888
Utility (Water),14.0,21.299658594290136,0.07647142857142857,2.644129698347234,1.9952183180116347,0.10281440787691666,0.07250660955174709,4.42803232559641,0.21162207154416784,7.156354779193479,0.33647640469294054,14.1380037482983,0.4126827948416138,0.6235944507219604,0.11191995155470791,0.48066562851919736,0.6516657601558538,0.11216714129829528,0.4372464923478553,0.24282143950125415,0.5643624413230548,0.026971697619308257,0.057905652649935975,0.0354795,0.04929215662737624,0.37193097586697466,0.29544741378421596,-0.569946280289234,0.1514487256404419,1.2883146624231006,0.4847821631252941,1.970504934893035,-1.1892880242201014,0.062220208750599644,0.6385784340553321,0.5763582253047325,17.99646514116057,3.303193453129566,-3.303193453129566,-0.2267906427983903,-0.04262363285397619,2.037841950865611,-2.037841950865611,-0.24921481855809635,3.4538511929455797,0.9741811326508305,-0.9741811326508305,-0.5805361519407364,15.958669353603888,-1.8206656053055887,1.8206656053055887,0.3143030390962384,-0.18555964355024612,0.3089232030131008,neutral,market_weight,-0.33695857719619016,0.5694306980667888
Paper/Forest Products,6.0,16.64287528075918,-0.09295,,1.8281319307473152,0.07013649983353679,0.1041420566237548,0.757509103622379,0.03443484893889449,1.0203986001754877,0.06578644536478075,8.183282663311115,0.9579784309693652,0.43688176160689357,0.08598511133455124,0.5694450238249283,-2.32542194092827,-0.1630969555728184,0.01800746451630479,1.7317984331861096,3.32542194092827,0.0035228415334606572,0.08222583802123369,0.039684750000000005,0.0692912835074329,0.6757912620331872,0.30593999201138633,0.8697958817751039,0.846029365011906,1.6096940190060516,-0.477748805421217,-1.494016577013252,0.2492826377183977,0.6743891252078958,-0.028197181427504922,-0.7025863066354008,24.323661353499407,-7.680786072740226,7.680786072740226,0.5273473792409322,4.7742799254492265,-2.9461479947019114,2.9461479947019114,0.3602947410288892,2.972483049235976,-2.2149739456135973,2.2149739456135973,1.319952119721851,13.25537071634424,-5.072088053033125,5.072088053033125,0.8755988386810127,0.7707982696681712,0.29140099901076555,neutral,market_weight,-0.33695857719619016,0.5694306980667888
Utility (General),14.0,18.129464149422144,0.0691,2.963418975868785,1.8101871360291144,0.10415514586399638,0.05994651585116697,2.9033881605887357,0.1417862109301,5.251606084018362,0.23205483866166682,13.72701503876966,0.2394349278899265,0.8148428973368238,0.12765942282237325,0.14962031044448046,0.3459727529974621,0.03603484255341906,0.33575854940367816,0.29613329830902974,0.6540272470025379,0.031939251684049944,0.05017879778389073,0.0354795,0.0435789877327735,0.5787896863466161,0.30706687712413566,0.02808684843904313,0.19938796520592864,1.9196872516746928,0.7239040785069419,1.588263436335825,-0.9767465429043249,0.2783328442789309,0.8137770559032836,0.5354442116243527,15.223886768227022,2.9055773811951227,-2.9055773811951227,-0.19949112013327125,-1.546608187683657,3.3567953237127712,-3.3567953237127712,-0.4105142389381069,1.3506279186057597,1.552760241982976,-1.552760241982976,-0.9253242806237519,11.013755184896121,2.713259853873538,-2.713259853873538,-0.4683923370909932,-0.5009304941965308,0.2878940358633578,neutral,market_weight,-0.33695857719619016,0.5694306980667888
Retail (Building Supply),14.0,23.139041642225948,0.1698,1.313648804407246,132.2044071168642,,0.3494656524485739,1.8471908099978955,0.07844282005575029,2.2589926761243846,0.11819306915492038,14.422181645255634,1.5353094340291733,0.2328921812948963,0.11839851054454309,0.45883505690255144,0.4599252594522437,,0.05754849649431835,3.4070573133550934,0.5400747405477563,0.022934818352356324,0.10797480075770113,0.039684750000000005,0.09507487396524136,0.2519091879321471,-7.88134138234357,0.4423743396617428,0.11830116716595655,-0.8954934935378507,,,0.539711098742394,-1.767189171895931,-0.17789119739772835,1.5892979744982025,37.001059739738096,-13.862018097512149,13.862018097512149,0.9517383826972577,,,,,,,,,19.81582664772585,-5.393645002470215,5.393645002470215,0.9311094860816538,0.9414239343894557,0.2698348553171453,neutral,market_weight,-0.33695857719619016,0.5694306980667888
Machinery,105.0,24.06151389061749,0.13545999999999997,1.9668080651555742,4.501410024095517,0.16423121638505028,0.24408325788322105,3.076904107731613,0.10578747395309744,3.426131130289686,0.16059785335376017,16.217470562270965,0.9636207903494385,0.14692301552763604,0.13373442732400442,0.45034116660736356,0.6657431638294898,0.10933580959574893,0.04135104627881279,1.9519255902045307,0.33425683617051016,0.011492131412603952,0.08247748724958495,0.039684750000000005,0.07699565637316959,0.19171684860594662,0.13806527775914565,-0.03997380934308456,-0.09110795645879763,-0.005158548677055785,0.6106740524960848,0.22954447141615153,0.43150212394445264,0.04967509014080252,0.3166405247949083,0.26696543465410577,27.483754462011586,-3.422240571394095,3.422240571394095,0.23496417936462755,7.800866340713239,-3.2994563166177224,3.2994563166177224,0.40350205124444016,3.4505487457760595,-0.3736446380444467,0.3736446380444467,0.222663130185416,15.617551976633985,0.5999185856369795,-0.5999185856369795,-0.10356445144377488,0.1893912273376772,0.26574080581201587,neutral,market_weight,-0.33695857719619016,0.5694306980667888
Real Estate (Development),14.0,12.34121907088668,-0.028999999999999998,,0.9934847852491724,0.05060545910919269,0.07043355884782262,1.7726819358714954,0.07010407882293668,3.033511815931911,0.21191936700617578,10.23049851021993,0.8435660615974878,1.0182937484544488,0.04907001511578525,0.5210233738934074,1.0,0.05060545910919269,-0.04270410953737058,0.34951067348440373,0.0,0.0,0.07712304634724795,0.039684750000000005,0.058234228427467324,0.9564791100424661,0.35835360038254443,0.4716000279465946,0.6072345547121759,-0.12549800527750904,-0.5314801274261658,0.16680936767571464,1.2024588589584757,0.5984168232709453,0.1780725234826289,-0.42034429978831633,22.502219580211943,-10.161000509325262,10.161000509325262,0.6976339320366959,3.274306799063811,-2.2808220138146384,2.2808220138146384,0.2789297001637828,2.323306792024062,-0.5506248561525666,0.5506248561525666,0.3281295689682591,11.840377973560054,-1.6098794633401248,1.6098794633401248,0.27791484961978763,0.39565201269713135,0.26510431916842986,neutral,market_weight,-0.33695857719619016,0.5694306980667888
Engineering/Construction,48.0,28.11354756028617,0.21035041666666668,1.1805442696402018,5.49046865935612,0.2613749950535173,0.2531760347582192,1.580919191660943,0.0594404607933308,1.7350431497835168,0.06754108028713939,17.179436268509424,1.2099722611351151,0.1401147535589371,0.1363531807406391,0.4592364631713382,0.9167045667339853,0.23960365159563213,0.04846666970432578,4.361448663715637,0.08329543326601473,0.0031317976032097586,0.09346476284662614,0.039684750000000005,0.08685545161468271,-0.07268285125620352,0.07595504082336646,0.5468178896128147,-0.2033151859421528,-0.6203682959007898,0.987197089444176,0.6953327873926013,-0.4298498677684013,0.08669372330945621,0.15807792829189654,0.07138420498244033,32.558494475925045,-4.444946915638873,4.444946915638873,0.30518114742791685,8.610338712010806,-3.1198700526546865,3.1198700526546865,0.38153981900652617,2.8699124461270573,-1.2889932544661142,1.2889932544661142,0.7681396803375865,17.453001603380443,-0.2735653348710194,0.2735653348710194,0.04722581449925758,0.3755216153178218,0.24505540310226664,neutral,market_weight,-0.33695857719619016,0.5694306980667888
Insurance (Life),20.0,9.29918190529985,-0.3044571428571428,,1.4341165046725473,0.12873529635151773,0.1076576568830416,0.9522032568445712,0.07798135819570415,1.2838249224747278,0.10647669164266632,12.522466672718679,0.6444930925180267,0.6783987776748907,0.15186017647763664,0.3515193422631459,0.6639320169808725,0.08547148496329351,0.0031746773868646908,1.1921280841591642,0.3360679830191276,0.027522524811317887,0.068244391926304,0.038003999999999996,0.056021405832597446,1.1549754156312668,0.3306831069263152,0.7934281913533955,0.3398909312230755,-0.70716865358657,0.5047292948012063,1.1898354008598258,0.47291730627208584,0.6547444112835132,0.36507833708663695,-0.2896660741968763,14.520104112543624,-5.220922207243774,5.220922207243774,0.35845805587298857,2.1943573595152612,-0.760240854842714,0.760240854842714,0.09297251272091951,1.4459821355946283,-0.4937788787500571,0.4937788787500571,0.2942537897435437,8.858210471873946,3.664256200844733,-3.664256200844733,-0.6325636385927312,0.028280179936180122,0.2303590742264542,neutral,market_weight,-0.33695857719619016,0.5694306980667888
Real Estate (General/Diversified),12.0,14.326923076923077,,,1.1639630713249574,0.10767597507500577,0.05194923071492735,4.8229288916055415,0.23765281173594135,6.826157864808295,0.22087621024942458,17.286870078907647,0.8099864769457396,0.5356019016772732,0.046482967477014005,0.31209535325023385,0.7303669410150891,0.07864297253634896,0.004438671556642231,0.24666170173123336,0.26963305898491086,0.013286336175567213,0.07562539687177999,0.038003999999999996,0.06250344665390667,0.8269097169890216,0.3476480199820633,-0.7248422450754205,-0.21584666200148386,,-0.10116936054726067,1.1349696661235278,-0.12322810960826686,0.058467207473545134,0.3035240653226668,0.24505685784912165,,,,,1.904369227309541,-0.7404061559845836,0.7404061559845836,0.09054685803509673,6.034482892492727,-1.211554000887186,1.211554000887186,0.7219919109186246,14.436943378566683,2.849926700340964,-2.849926700340964,-0.4919852500692121,0.10685117296150308,0.2248549083782013,neutral,market_weight,-0.33695857719619016,0.5694306980667888
Beverage (Alcoholic),14.0,12.840436647836379,0.038939999999999995,4.255287292963528,1.9141066446274413,0.0056819180842404,0.15744765776572892,1.7535078368746115,0.005600811728555208,2.4539198950027634,0.2278728099033911,8.60547949225314,0.8124756277132766,0.4333840741223201,0.12349880380286866,0.5596193724547387,0.9977584548262447,0.0056691818081809975,0.03735964766520401,0.7883105803585208,0.00224154517375531,0.032003664315521006,0.07573641299601214,0.039684750000000005,0.06483618264591316,0.923904608379403,0.30054100992962784,0.4791209608152777,0.7967827690417796,0.28382068753070855,-0.5849342949347709,-0.8048890938180043,1.426086988450745,0.6250873370415221,0.08002107180716955,-0.5450662652343525,23.266121198515695,-10.425684550679316,10.425684550679316,0.7158066078817298,6.056053488646794,-4.141946844019352,4.141946844019352,0.5065331640518522,0.8507624206160247,0.9027454162585868,-0.9027454162585868,-0.5379660235369594,13.879868981690024,-5.274389489436883,5.274389489436883,0.9105223062798657,0.3987240136691221,0.20750224855195057,neutral,market_weight,-0.33695857719619016,0.5694306980667888
Apparel,35.0,24.887238524765294,0.13625555555555555,1.9880979406546182,3.893952784961127,0.10420771437290409,0.15768515602445898,1.2728463334769382,0.038475945106670836,1.594209821413011,0.09886973058225224,10.304886321816396,0.9358744642979875,0.31292274379874546,0.09612500297378584,0.4626373673236945,0.4990683218324279,0.05200676913407822,0.020765439612781312,1.768667029517862,0.5009316781675721,0.015142298991205928,0.08124000110769025,0.039684750000000005,0.07133569923061227,0.13783739862217728,0.17621196765792005,0.6676577416153414,0.5985576858878103,0.13987023018128075,-0.10550842907381386,-0.1636585451337911,0.4787829107634857,0.39506619844581226,0.08737154168429037,-0.30769465676152186,27.132052847690943,-2.2448143229256488,2.2448143229256488,0.15412445274042297,5.795154362221976,-1.9012015772608493,1.9012015772608493,0.23250458943499863,1.983057924319783,-0.7102115908428448,0.7102115908428448,0.423230845058244,13.69696849126541,-3.392082169449015,3.392082169449015,0.5855780059859165,0.34885947330489553,0.19196671433253243,neutral,market_weight,-0.33695857719619016,0.5694306980667888
Construction Supplies,40.0,17.68665124484794,0.0760835,3.3909464412277033,5.455603344493196,0.22855656826808135,0.16706062867511484,2.8307820751783144,0.1078299971397084,3.231777696009379,0.1527303082978725,16.81867012821988,1.1503560568511637,0.17621949339337503,0.16038852383860958,0.35513321135865794,0.6650739020557089,0.15200700869851488,0.06616312084363886,1.4469463691963746,0.33492609794429107,0.012757986741551507,0.0908058801355619,0.038003999999999996,0.08289517926725504,0.6076837204561796,0.07814448934519871,0.05656617851439106,-0.16123409216638498,-0.3360572493685152,0.502500020637204,0.2821892574940283,-0.5705664450401864,0.1452900740373461,-0.03048360406936733,-0.1757736781067134,29.277012569053692,-11.590361324205752,11.590361324205752,0.7957709811067257,6.1090215379574815,-0.6534181934642858,0.6534181934642858,0.07990879589930351,4.153004208071909,-1.3222221328935948,1.3222221328935948,0.7879415062702082,19.325171966422726,-2.5065018382028477,2.5065018382028477,0.43269952645435705,0.5240802024326486,0.19134191853143906,neutral,market_weight,-0.33695857719619016,0.5694306980667888
Shoe,11.0,17.104491249794627,0.07303,4.171865604728182,6.060299460491326,0.1948971193415638,0.20929696659653424,1.9530795030974162,0.06271289597747094,2.0409765218719707,0.0913903063742826,16.864739523873123,1.0173183278612625,0.11944728476926639,0.11861173771031724,0.500827620601969,0.35069298724190023,0.06834905298673415,0.003992591203534647,2.6221001112048636,0.6493070127580998,0.020849086319303854,0.08487239742261231,0.039684750000000005,0.0800507842361955,0.6456703070721868,0.040171190594419086,0.40084009325550946,-0.16660779646446908,0.23581043506200094,0.5503639082425178,-0.1983401462774444,-0.11797234038943402,0.23001844861441154,0.11746546415941009,-0.11255298445500145,27.286207498615525,-10.181716248820898,10.181716248820898,0.699056233195536,6.819509097507012,-0.7592096370156867,0.7592096370156867,0.09284640148665656,2.8561057311860125,-0.9030262280885963,0.9030262280885963,0.5381333655370689,15.685472295127967,1.1792672287451555,-1.1792672287451555,-0.20357789635894877,0.2816145259650782,0.18312508888167733,neutral,market_weight,-0.33695857719619016,0.5694306980667888
Auto Parts,35.0,15.125009349940365,0.15974545454545455,1.2666254509405188,1.865455398537074,0.021741488211912706,0.08975948273328078,0.6423394983412541,0.007202034312769674,0.822835978588616,0.05804588112690446,6.428093985050202,1.3394463651948414,0.4146400386187307,0.14999691449019154,0.49872040429854986,-0.09546850210354352,-0.0020756273130931547,0.02012558693359253,2.3891597014301214,1.0954685021035435,0.012282604076320758,0.09923930788768992,0.039684750000000005,0.08178348625932404,0.7748337007827873,0.3035961780603802,0.9149705139689214,1.0507610488245398,0.4562228850365194,-1.4986930627270052,-1.401094648034897,-0.08982448565769116,0.7610403604091571,-0.6333473278457684,-1.3943876882549255,34.00261702927769,-18.877607679337324,18.877607679337324,1.2960987120014176,7.374599507842584,-5.50914410930551,5.50914410930551,0.6737324987483847,3.320915962347402,-2.678576464006148,2.678576464006148,1.5962231467795156,18.041329626538435,-11.613235641488233,11.613235641488233,2.004802664049815,1.392714255394783,0.17707730545045225,neutral,market_weight,-0.33695857719619016,0.5694306980667888
Retail (Grocery and Food),15.0,14.338597015683874,0.11134999999999999,2.266005120161119,3.934869386323708,0.12897574047835317,0.06763219560214334,0.34001497665240493,0.013206284642467744,0.49009499125669137,0.018461572111635023,8.941596612794147,1.1183037944931133,0.5195017227110472,0.12221523285745305,0.4942294835852475,0.6256308170021441,0.08069119788892859,-0.019020964749503308,4.647896587530888,0.374369182997856,0.01454061241864657,0.08937634923439286,0.039684750000000005,0.07238731195941303,0.8261479795119447,0.173642514528817,1.033555613198257,0.7575768278806294,0.17816603766962497,-0.5144779672387023,-0.23921503170821629,-0.21904557017658088,0.6977307337799121,-0.19864313286346863,-0.8963738666433807,29.44233204022558,-15.103735024541706,15.103735024541706,1.0369921784711227,4.131920388736084,-0.19705100241237616,0.19705100241237616,0.024098056177531208,2.0792049897014393,-1.7391900130490343,1.7391900130490343,1.0364219176795775,13.78356945798863,-4.8419728451944835,4.8419728451944835,0.835873856259648,0.7333465021469698,0.17415272114070676,neutral,market_weight,-0.33695857719619016,0.5694306980667888
Oil/Gas Distribution,23.0,42.52455384030175,0.12685,1.462245465716887,2.8822710208384796,0.18032702415722426,0.12351055159122301,2.782540109527642,0.13350862150393097,4.371783781882893,0.2605682356096842,11.562396589541736,0.6692224517144899,0.5852713715207659,0.09166185880832112,0.42240372453265573,0.3056514444994949,0.0551172154159509,0.19592039293694488,0.521937468522693,0.6943485555005051,0.03331542936998488,0.06934732134646625,0.038003999999999996,0.057775581011015355,-1.0130170255917366,0.2397428765779037,0.07548881916472826,0.4518770482379736,-0.3033314474092663,0.8477617822390914,0.8550982458639926,0.27391490064396024,-0.061477070402782746,0.41836087033444447,0.4798379407372272,22.920600496044628,19.60395334425712,-19.60395334425712,-1.345968149737471,2.2488748889012884,0.6333961319371912,-0.6333961319371912,-0.07746022797748277,3.0205570351647357,-0.23801692563709365,0.23801692563709365,0.14183956707324652,14.180566343039175,-2.6181697534974386,2.6181697534974386,0.4519768528586972,-0.20740298944575253,0.16805532642236565,neutral,market_weight,-0.33695857719619016,0.5694306980667888
Oilfield Svcs/Equip.,97.0,21.21722527083615,0.034652380952380955,5.600757606108509,1.9183893473343103,0.08646041260503463,0.11937951003115008,0.571685348386922,0.023377489888452334,0.7413518369384341,0.04846054806334578,8.629760666747599,0.9512418716285248,0.37360623860545034,0.08746367186047936,0.4831643535406242,0.3992491260105714,0.03451924416707347,0.009080670748737559,2.792715187270896,0.6007508739894286,0.024566044104145254,0.08192538747463221,0.039684750000000005,0.07043638484807473,0.37730984182828736,0.30027206765424996,0.9426842083014042,0.7939505232548911,-0.12933561223107912,-0.28675183561302453,-0.20754051519713745,0.238917472617886,0.6035541602597081,-0.09617762260583879,-0.6997317828655469,25.547838255962137,-4.330612985125988,4.330612985125988,0.2973312088873459,4.989783506341303,-3.071394159006993,3.071394159006993,0.3756115324508785,1.7732776948930749,-1.2015923465061529,1.2015923465061529,0.7160555400451791,12.98505273170836,-4.355292064960761,4.355292064960761,0.7518577426738072,0.5352140060143027,0.15637902884221783,neutral,market_weight,-0.33695857719619016,0.5694306980667888
Retail (General),23.0,23.969941526698733,0.11707692307692306,2.860445464769471,7.192707124449913,0.26052308288353043,0.13590825384807578,2.007898223342434,0.05611346589050097,2.109214581658399,0.06501798019766843,17.37850333571857,0.8052405395912856,0.07943684178442863,0.19099933477629175,0.43342745933177196,0.8827313987980859,0.2299719053729685,0.04866167273213698,3.5063183990070903,0.11726860120191408,0.003277231672936309,0.07541372806577135,0.038003999999999996,0.0726607085888313,0.19769204711355595,-0.030940981939040508,0.3793377574755125,-0.22653510318874348,0.08970541127634396,1.0591100125865183,1.1919405975696242,-0.8821777063071667,0.07988842986532113,0.36464457878133,0.28475614891600887,24.625868515497338,-0.6559269887986048,0.6559269887986048,0.04503463255459957,2.6184151595892304,4.574291964860683,-4.574291964860683,-0.5594061608017651,0.9941355107215397,1.0137627126208941,-1.0137627126208941,-0.6041236936754326,14.248512651193888,3.1299906845246817,-3.1299906845246817,-0.54033293188065,-0.414707038450812,0.05290393188847317,neutral,market_weight,-0.33695857719619016,0.5694306980667888
Furn/Home Furnishings,27.0,20.3438444393584,0.12281,2.0500746044100753,2.453188499334264,0.03107415077303208,0.1058742891265975,0.9773713717553166,0.011025376533084075,1.3327990096564892,0.06875747269347231,11.273819550114272,0.8231584740017082,0.42333374568083953,0.11382525542555506,0.5150986273981181,-0.08122220889956955,-0.0025239111654639323,0.05877104889297691,1.958544127171312,1.0812222088995695,0.012196880646955368,0.07621286794047619,0.039684750000000005,0.06534852566141613,0.4342989116468888,0.26668811129455566,0.7835561393364646,0.485537738922344,1.0773045632134868,-0.6195264990692058,-0.5137854554538815,-0.20376523863157775,0.49252022530006323,-0.06494315748529457,-0.5574633827853578,25.362619623678707,-5.018775184320308,5.018775184320308,0.34457904638743797,4.370259050727304,-1.91707055139304,1.91707055139304,0.23444526177584288,1.0661252060557622,-0.08875383430044559,0.08875383430044559,0.05289037911723817,12.249892836966026,-0.9760732868517543,0.9760732868517543,0.1685003547846274,0.20010376051628662,0.04107560971533791,neutral,market_weight,-0.33695857719619016,0.5694306980667888
Steel,19.0,16.853381956237047,0.16040000000000001,1.5003226325903656,1.875816282053751,0.03679172566231069,0.06720259161412713,0.9900586315727231,0.01925417054710482,1.1692375062240556,0.04106984357461912,11.590977789930404,1.062846247426205,0.23512925389922143,0.09275991753479733,0.38509854793902265,0.3493960351807768,0.012854883073870194,0.056934034399160324,1.8036827756232885,0.6506039648192232,0.012652624094951664,0.08690294263520874,0.038003999999999996,0.07759414206880617,0.6620554675278375,0.30294554228698617,0.7785796327798977,0.44854323156434045,0.6248196540038988,-1.0417565188196118,-0.7756292698174432,-1.0308142583845068,0.5480309685397654,-0.5558450982544157,-1.1038760667941812,29.586248117567173,-12.732866161330126,12.732866161330126,0.8742130736115463,4.7611269931988,-2.8853107111450487,2.8853107111450487,0.35285473687314456,2.2818011239925764,-1.2917424924198533,1.2917424924198533,0.7697780122339251,16.967234358547252,-5.3762565686168475,5.3762565686168475,0.9281077060791584,0.7312383821994436,-0.04101170607287197,neutral,market_weight,-0.33695857719619016,0.5694306980667888
Chemical (Specialty),59.0,19.324818290870468,0.08457499999999997,2.740712253926142,2.4497397359053896,0.034987853971055624,0.10949443918503624,2.1214267689752835,0.02907920798019631,2.6476145494545156,0.12407507162657973,13.359261031056754,0.9697828817775749,0.29882962373710314,0.13675158334443216,0.42305160954750315,-0.30009358230245553,-0.010499630435249277,0.040548598938487654,1.105419408431602,1.3000935823024555,0.01782087990327044,0.08275231652727985,0.038003999999999996,0.07245679943533023,0.5007915002521365,0.26690468441374837,0.3348068217312746,0.2422841496221292,0.775240774152118,-0.7969468095155521,-1.087769108810603,-0.2548807584008252,0.3361967890048222,-0.34108897564371554,-0.6772857646485377,27.00462590488788,-7.679807614017413,7.679807614017413,0.5272802002258831,5.38715021118635,-2.9374104752809607,2.9374104752809607,0.3592261992235666,2.1996463033102813,-0.07821953433499784,0.07821953433499784,0.046612756034260246,15.67106134175351,-2.311800310696757,2.311800310696757,0.3990880375387014,0.3330517982556028,-0.07143266608398818,neutral,market_weight,-0.33695857719619016,0.5694306980667888
Telecom. Equipment,57.0,39.473957570050814,0.4027111111111111,0.8710202863717926,8.371116364967031,0.2495656053027011,0.2547374909112715,6.130033623140206,0.16089921740363985,6.5160940958665385,0.2091953506741483,24.073936204375784,0.9232195753877382,0.09222748494322085,0.07062863646712804,0.5526305461735282,0.5855057730463932,0.14612210265854905,0.07072557296624397,2.567713718021117,0.4144942269536068,0.010879515649540289,0.08067559306229313,0.039684750000000005,0.07721433392584677,-0.8139622289120998,-0.10494193044351918,-1.2375467502418935,-1.0075150981217307,0.5975770620794841,1.15191024188616,-0.015312586342602751,-0.3445563962151078,-0.7909915019298108,0.3474045803519834,1.1383960822817942,31.77758021838181,7.696377351669003,-7.696377351669003,-0.528417845206816,6.914659187199998,1.4564571777670334,-1.4564571777670334,-0.17811524153807431,4.411516497699444,1.718517125440762,-1.718517125440762,-1.0241024852666887,16.7323976838031,7.3415385205726835,-7.3415385205726835,-1.2673759870752368,-0.749502889771704,-0.09135840769749157,neutral,market_weight,-0.33695857719619016,0.5694306980667888
Healthcare Support Services,104.0,55.2883534141048,0.12567484848484847,1.676480166703793,2.7955721569283822,0.09891791288541897,0.3119296654846798,0.3654915300009084,0.012531388303935671,0.45778331362617514,0.029903753130709358,11.16882502236794,0.8719538873399333,0.354253188687874,0.09799646168506736,0.47240032307194035,0.5063074003028961,0.05008287131640483,0.00865684772676265,11.746627443364762,0.4936925996971039,0.01692694128799238,0.07838914337536103,0.039684750000000005,0.06826462981764432,-1.845869131850297,0.2451873333447163,1.0235625779327844,0.497784688052575,-1.7617697293606212,0.580573748138113,0.0042432925592897075,1.3241652233681072,-0.01983363313005536,0.03680313367622218,0.056636766806277536,25.950470556907625,29.337882857197172,-29.337882857197172,-2.014280243024763,9.85990337608485,-7.064331219156467,7.064331219156467,0.8639217689421627,1.0829758777874634,-0.717484347786555,0.717484347786555,0.4275648422879102,8.339718865817552,2.829106156550388,-2.829106156550388,-0.48839098203342096,-0.3027961534570277,-0.09903658117707778,neutral,market_weight,-0.33695857719619016,0.5694306980667888
Farming/Agriculture,35.0,19.314358770905702,0.11985714285714287,1.8340655917112954,2.4228669519202914,0.1204025921309046,0.07277942934792668,0.9181237728548928,0.03908612922158476,1.3401504823361046,0.05606764179932007,16.037699474903555,1.1291737409456368,0.5184849801548149,0.06294399257877176,0.507938158066483,0.5855781271020686,0.07050512439824938,0.03658159299530167,1.4794345612246376,0.4144218728979314,0.01764266143111818,0.08986114884617541,0.039684750000000005,0.07272847417372198,0.5014739955532213,0.2685922233734569,0.806795677947023,-0.07013879350018902,-0.09335770346353439,-0.4859600060071337,-0.25953059081863555,-1.1615544202185761,0.37668077584337806,-0.50010068012697,-0.876781455970348,29.780251829330584,-10.465893058424882,10.465893058424882,0.7185672434445489,4.443669482178815,-2.0208025302585235,2.0208025302585235,0.2471310082247531,2.7919490025773492,-1.8738252297224565,1.8738252297224565,1.1166540305625414,15.118841576647307,0.9188578982562472,-0.9188578982562472,-0.15862321399269227,0.4809322670597878,-0.10768750125226681,neutral,market_weight,-0.33695857719619016,0.5694306980667888
Retail (REITs),26.0,44.38685147282873,0.03993333333333333,7.78734515030187,2.0756544756447797,0.06364375400351006,0.051639531083079775,7.815058073451817,0.2299755737717258,12.043634861795587,0.3864440865122347,16.726861437702844,0.620739021744814,0.5641981493610073,0.016032624227080367,0.18768911101931,-0.6143339107636889,-0.03909851629265852,-0.22854658296261168,0.1358141102577872,1.614333910763689,0.04750538817468486,0.0671849603698187,0.0354795,0.055748965465593825,-1.1345340156355008,0.2903962382212201,-1.8984881470158912,-0.15052518774432075,-0.06140502749894661,-0.22575153682464344,-0.5584671163533483,2.366306741340332,-0.7232877780436231,0.3801707651658484,1.1034585432094715,20.923224124475333,23.4636273483534,-23.4636273483534,-1.6109656319624084,1.1411190060692205,0.9345354695755592,-0.9345354695755592,-0.1142876106694392,5.5301681562853044,2.2848899171665122,-2.2848899171665122,-1.3616165984559931,12.535231667305926,4.1916297703969185,-4.1916297703969185,-0.7236045827212182,-0.9526186059522648,-0.15294498328139688,neutral,market_weight,-0.33695857719619016,0.5694306980667888
Retail (Distributors),62.0,43.84333584228416,0.0946842105263158,2.3691119834346943,4.041707359923413,0.1833373242733274,0.1611399066695283,1.5133587330515794,0.06054534730806162,1.894802191775475,0.1031823472685938,13.708307327996817,0.9484338145727029,0.2823636659199003,0.14586482228388625,0.3929235163979659,0.6484860127020302,0.11889169039746923,0.115792693288742,1.8301306024273734,0.35151398729796973,0.014063114038852126,0.08180014812994255,0.038003999999999996,0.07215667392072084,-1.0990690167481343,0.16693337553801516,0.573318100854086,0.20157010161909117,-1.4695344811217925,0.5131839108008099,0.41930212136728034,-0.46187703634686433,-0.039311859684235506,-0.24973137132514162,-0.2104195116409061,26.510350198604627,17.332985643679535,-17.332985643679535,-1.1900480584995776,5.115149829439917,-1.0734424695165048,1.0734424695165048,0.1312750334536369,2.2596996076152793,-0.7463408745636999,0.7463408745636999,0.44476108685897275,15.039926996501825,-1.3316196685050077,1.3316196685050077,0.22987862653735402,-0.09603332791240352,-0.18825215396004635,neutral,market_weight,-0.33695857719619016,0.5694306980667888
Semiconductor Equip,31.0,41.58371842712142,0.18741428571428573,1.8235443155688114,9.702593586231997,0.3577797316274757,0.28404463068412095,7.489075007700587,0.21315535906370506,7.607009043397782,0.26287667669074866,24.7432463754865,1.3972234247394333,0.04861265405817292,0.099620953538418,0.5007740861926404,0.8064355645592047,0.2885262998628441,0.04136868442374109,1.8511086722832097,0.1935644354407952,0.0055092647217341905,0.10181616474337873,0.039684750000000005,0.09893581330056925,-0.9516264693565755,-0.18855513873988072,-1.7706231164743798,-1.0855859061332038,-1.962721144462754,1.324397727412336,0.10646467425072492,-0.43832096923146374,-0.99909765767601,-0.2425449280077892,0.7565527296682208,35.0665097891815,6.517208637939916,-6.517208637939916,-0.4474584844097657,9.667198280759376,0.03539530547262082,-0.03539530547262082,-0.004328615684559114,7.16008629152783,0.3289887161727574,-0.3289887161727574,-0.19605167552276243,24.97586279253817,-0.2326164170516698,0.2326164170516698,0.04015676827747018,-0.15192050183490427,-0.20629515753863523,neutral,market_weight,-0.33695857719619016,0.5694306980667888
Computer Services,64.0,56.539525578258136,0.12333157894736846,2.1126710535960367,4.728265307993433,0.1825059226961266,0.26348563236851774,1.2403016604204078,0.044525069673165746,1.477094248399097,0.07627844466661073,14.095049694774538,1.0878559034733686,0.25100122596094754,0.10526994226576537,0.5342530314325552,0.49007949284380437,0.08944241003590828,0.019117502012224813,5.189890691696159,0.5099205071561956,0.018305422651139467,0.08801837329491224,0.039684750000000005,0.07832070198141003,-1.9275095059553495,0.12381937268262762,0.6804232072224181,0.15645904493740265,-2.3341702648701923,0.625428949171703,-0.11836826094013891,0.48824458880840926,-0.24170197027822532,-0.33471624695755475,-0.09301427667932943,29.242050013538368,27.297475564719768,-27.297475564719768,-1.8741899673574227,8.968223296455328,-4.239957988461895,4.239957988461895,0.518519289653273,2.646909237968941,-1.4066075775485332,1.4066075775485332,0.8382286650724762,13.939886418733094,0.15516327604144386,-0.15516327604144386,-0.026785967216517256,-0.13605699496204768,-0.2552525461593519,neutral,market_weight,-0.33695857719619016,0.5694306980667888
Electronics (General),114.0,29.607379325548138,0.17691562500000002,2.2721128296707453,4.968967691522418,0.12615730756275645,0.17911725405258233,3.0171542035153585,0.06472711881991938,3.206162776853793,0.10518041665675845,19.991142489797852,0.9714771307987942,0.1101176648064408,0.08036356729856782,0.5183878524748988,0.801225188719875,0.10108041256036085,0.05680134662843197,2.383494290324026,0.19877481128012497,0.004264323253065779,0.08282788003362622,0.039684750000000005,0.07854831500880348,-0.1701570339946961,0.10870390678504417,-0.01653724428760382,-0.5312829743631688,-0.2663587765751526,0.027179315238890445,-0.28607781443874125,-0.9009876197383655,-0.15231833646510615,-0.3565612238783422,-0.20424288741323607,28.312955121166446,1.2944242043816914,-1.2944242043816914,-0.08887257180998157,6.403066715499427,-1.4340990239770086,1.4340990239770086,0.17538098472404023,2.545713784905387,0.47144041860997143,-0.47144041860997143,-0.2809418057034581,16.49756943127915,3.4935730585187024,-3.4935730585187024,-0.6030984637691738,-0.1993829641396433,-0.29368991998286265,neutral,market_weight,-0.33695857719619016,0.5694306980667888
Trucking,26.0,46.16900984809447,0.20119166666666666,1.6235894576096201,2.857861050952057,0.07602721205023472,0.0929945748076969,1.4219159219497337,0.03791195275856305,1.7429114121474771,0.07313959318117265,10.412600818449748,1.0113489285521289,0.25231648451786204,0.12598448805395965,0.35290917410983413,0.7163023753555142,0.0544584725832405,0.050342453603063046,1.4657207412194833,0.2836976246444857,0.0075641117573887855,0.08460616221342496,0.038003999999999996,0.07521676753085833,-1.2508218300863632,0.2412757573993137,0.6091860310098876,0.5859934695503242,-1.2386543226132907,-0.6167351444496441,-0.3550881767881662,-0.43120262022001665,0.04640835696829054,-0.6604200660177794,-0.70682842298607,29.40289319599657,16.7661166520979,-16.7661166520979,-1.1511279695591399,4.738322491616241,-1.8804614406641842,1.8804614406641842,0.2299682056017909,2.301628863896729,-0.8797129419469951,0.8797129419469951,0.5242404610533713,16.146535190947187,-5.733934372497439,5.733934372497439,0.9898539270487524,0.14823365603619368,-0.33695857719619016,expensive,underweight,-0.33695857719619016,0.5694306980667888
Environmental & Waste Services,53.0,61.06875704872894,0.12201111111111113,2.810428446325201,6.585458523984577,0.1973829594869194,0.31754796538384716,3.085675657448278,0.08238089699765011,3.7006750073018577,0.14851622866272587,15.613078673514586,0.9454812982377585,0.2144746613305266,0.04267831701608498,0.5491271709973529,0.6019761738214154,0.1188198387294832,0.1343840294975422,2.2998509103087397,0.39802382617858456,0.010626379265714574,0.08166846590140403,0.039684750000000005,0.07425419573500486,-2.2230468926169475,0.007192606009347028,-0.04341440055856114,-0.020609456439760112,-2.4015057950684664,1.0410581131640302,0.056951314518909335,0.5090887074902717,-0.5699695359014805,-0.1986019149738138,0.3713676209276667,26.98170507872093,34.08705197000801,-34.08705197000801,-2.3403486768405846,9.428945089826415,-2.8434865658418387,2.8434865658418387,0.34773991588388214,2.7668924022590757,0.3187832551892025,-0.3187832551892025,-0.18997001488532758,14.039164999755943,1.5739136737586428,-1.5739136737586428,-0.27170604502875717,-0.6135712052176968,-0.364589631071367,expensive,underweight,-0.33695857719619016,0.5694306980667888
Software (System & Application),309.0,34.133892735516035,0.2276456962025316,1.648071184235083,9.137089676994028,0.2962489469128928,0.2931842949283384,11.007221329135833,0.25492956311411463,11.408763673096576,0.3320749595853169,24.483535769825444,1.276648178078175,0.05577131922321719,0.05509792802786181,0.5678932632947824,0.7901572758693644,0.2340832608718593,0.17820691047928386,1.5381715801685372,0.20984272413063565,0.004860001664879622,0.09643850874228661,0.039684750000000005,0.09344048072400105,-0.4655170641879714,-0.15304300574927698,-3.150596293311487,-1.055292302796114,-0.9708872435817363,1.082679893324487,-0.9337984547424185,-0.6370713501618033,-1.2061121665112124,-0.36476928879036774,0.8413428777208447,33.94936246945086,0.18453026606517398,-0.18453026606517398,-0.012669478264141087,9.812929032286025,-0.6758393552919966,0.6758393552919966,0.08265075818660511,7.856477618757051,3.150743710378782,-3.150743710378782,-1.8775980852734997,25.530869248318908,-1.0473334784934636,1.0473334784934636,0.1808020617726113,-0.4067036858946061,-0.3815430476320631,expensive,underweight,-0.33695857719619016,0.5694306980667888
Investments & Asset Management,283.0,18.770767258468542,0.14998095238095238,1.5326995496766513,2.4896160129666742,0.15880676782898712,0.14253207300518655,4.589958862501353,0.1836200178650786,5.486045625728951,0.25184466715220466,38.02880057904406,0.6595817512663942,0.3268818496772947,0.03534923619833761,0.3004225728309703,0.4175993797195725,0.06631760774065518,0.21022998213119337,0.5894173898841665,0.5824006202804275,0.02329877358470409,0.06891734610648118,0.038003999999999996,0.06130173831332419,0.5369439458184049,0.2644005608682918,-0.633461056859353,-2.635261970118174,1.3060021547005731,0.7838820380366196,0.8116892695841481,-2.9127205709157487,-0.6168446300727076,-0.002786777148601871,0.6140578529241058,23.15365024759224,-4.382882989123697,4.382882989123697,0.30091996261125614,2.9657312332130568,-0.47611522024638253,0.47611522024638253,0.05822579527133943,4.119454397164937,0.47050446533641654,-0.47050446533641654,-0.28038405038094705,15.138216585569065,22.890583993474994,-22.890583993474994,-3.951620822006658,-0.9682147786262524,-0.38895797773966206,expensive,underweight,-0.33695857719619016,0.5694306980667888
Chemical (Basic),29.0,22.817367004537495,0.19808571428571428,0.9291000093375502,1.1171922155683638,-0.08289888731246041,0.037245953068641535,0.46546096376308627,-0.03726120799643747,0.8452190200844562,0.02857882521775042,8.56734060962358,1.0122471500989898,0.9935397565078776,0.07683856093152415,0.4580970692608343,0.9958683699573374,-0.08255637977913695,0.039430872104602374,1.490160362392332,0.004131630042662541,0.07624047261901756,0.08464622289441495,0.039684750000000005,0.062238337279932075,0.27289881550971046,0.3505851046291891,0.9843501278266389,0.8012314290383897,0.045559715406192164,-1.9862960149944051,-1.7598867188654266,-0.3790733061904199,0.602266369250982,-1.0199240811610149,-1.6221904504119968,29.256788659778884,-6.439421655241389,6.439421655241389,0.4421177860650076,4.874426969165945,-3.7572347535975816,3.7572347535975816,0.45948537716590543,1.1420487772701113,-0.6765878135070251,0.6765878135070251,0.4031936901041815,11.37386683788492,-2.8065262282613403,2.8065262282613403,0.48449298996769247,0.44732246082569677,-0.43302546436633016,expensive,underweight,-0.33695857719619016,0.5694306980667888
Healthcare Products,204.0,42.334138463548705,0.11065025000000002,2.742588047500532,4.435103809290801,0.11260003642281874,0.16980778635574598,4.364745018197906,0.09608358705927718,4.762600760397512,0.15469745078594013,19.778036576870928,0.9085611350704943,0.12785158403919683,0.048453372827770576,0.6179058995412937,0.6435929224456223,0.07246858650884543,0.045266300529700154,1.476950489760035,0.3564070775543777,0.00784578946123122,0.08002182662414405,0.039684750000000005,0.07544927539941833,-1.0005922106551026,0.1422291307047806,-0.5451221886611884,-0.506425514350843,-1.1897320264861315,0.013407429734259957,-0.5296482947609592,-0.5306433271709803,-0.4774776957405884,-0.5591540546709528,-0.0816763589303644,26.189422184773562,16.144716278775142,-16.144716278775142,-1.1084638652307943,5.873508581664565,-1.4384047723737634,1.4384047723737634,0.17590754975279443,3.1377849471601693,1.226960071037737,-1.226960071037737,-0.7311727299490646,16.31775801925757,3.460278557613357,-3.460278557613357,-0.597350805995419,-0.5652699628556208,-0.56160041794482,expensive,underweight,-0.33695857719619016,0.5694306980667888
R.E.I.T.,190.0,45.11272906105418,0.042935463917525785,6.54506970078521,1.9915152243761973,0.05037954337741777,0.03203080280639824,5.886059843151316,0.13233445003447902,10.650570831822968,0.2220948339155621,19.871176003410046,0.6417984635762964,0.844629934379348,0.01581382585274235,0.2636928702689285,-0.9487195504756645,-0.04779605774619303,-0.12711188348448668,0.14654327790570346,1.9487195504756645,0.04381245465652068,0.06812421147550282,0.0354795,0.05317666020925715,-1.1818983349154943,0.2956799581601434,-1.1418494024127457,-0.5172896407327374,0.12350737389261046,-0.43025474469420477,-1.014785170389403,0.5076593020178033,-0.6363393549752084,-0.2034683097932985,0.43287104518190994,21.426166786904687,23.686562274149495,-23.686562274149495,-1.6262718971996462,0.8603064254326469,1.1312087989435504,-1.1312087989435504,-0.13833947988964093,3.3392128191847243,2.546847023966592,-2.546847023966592,-1.5177226506656425,9.939117844710239,9.932058158699807,-9.932058158699807,-1.7145795771958863,-1.249228401237704,-0.6217723463710607,expensive,underweight,-0.33695857719619016,0.5694306980667888
Aerospace/Defense,79.0,45.86731049038893,0.2503533333333333,1.408766335811037,7.880460504324958,0.15268987249879978,0.16012360749257398,3.1727191450990215,0.04989121339012427,3.570706581908985,0.08696762529366643,21.583912765181378,0.945491480030761,0.1556259774178424,0.1157525444051738,0.46452299950863785,0.49847659127348265,0.0761123271651844,0.008180079107619597,2.7434104399754147,0.5015234087265174,0.007886487981001626,0.08166892000937194,0.039684750000000005,0.07601499077840683,-1.2311356117256775,-0.07413005471445468,-0.0775567207470447,-0.7170695763648868,-0.6300562735034869,0.027163688480586305,-0.6349010424393258,-0.9491202219694538,-0.524972990888016,-0.54672846235792,-0.021755471469904086,29.366969793885495,16.500340696503436,-16.500340696503436,-1.1328803250705866,5.400275127417399,2.480185376907559,-2.480185376907559,-0.3033105430153265,2.188387928149691,0.9843312169493306,-0.9843312169493306,-0.586584812382857,15.035751366466831,6.548161398714546,-6.548161398714546,-1.1304146253497342,-0.7882975764546261,-0.6433561079966025,expensive,underweight,-0.33695857719619016,0.5694306980667888
Advertising,52.0,52.872057534771876,0.02284999999999998,11.16463166097437,4.551214997456897,-0.013422566300720232,0.2772269074749548,1.642596858745483,-0.0030178781818924268,2.1248944823347125,0.10045806228743916,11.998645075035455,1.210506967409714,0.4020006635676013,0.050166601892135954,0.6291480405048702,0.9972534057072658,-0.013385699956724829,-0.015213125107799716,3.8532841090748775,0.0027465942927341557,0.009425953335077578,0.09348861074647324,0.039684750000000005,0.07806123736168302,-1.6882031405590618,0.1349376586415587,0.5226251703765575,0.40099141519917403,-3.3202488872484768,-1.0700264121241143,-1.74178869654245,1.1666581533825409,-0.15741222408544286,-1.2413514606331253,-1.0839392365476823,29.108307615552953,23.763749919218924,-23.763749919218924,-1.6315714462238804,12.293466014361748,-7.74225101690485,7.74225101690485,0.9468269517121221,2.5428165107301735,-0.9002196519846906,0.9002196519846906,0.5364608645648352,13.679865694764096,-1.6812206197286415,1.6812206197286415,0.2902305336203031,0.035486725918344994,-0.7306161860125372,expensive,underweight,-0.33695857719619016,0.5694306980667888
Heathcare Information and Technology,115.0,37.38008400739415,0.1116936,3.3372116265190117,4.002238560460353,0.06397363703274217,0.13716783348113318,4.702911055510365,0.07451051350115737,5.3091884213580105,0.1475254629887839,21.272127158112443,1.1083338991481437,0.1574134360720486,0.06381881317110165,0.6378002122444473,0.8315068113644831,0.05319451494048426,0.009215794824584157,1.24569906969673,0.1684931886355169,0.00266951976307732,0.08893169190200721,0.039684750000000005,0.08223388617482975,-0.6773346520832578,0.16941191058015195,-0.6777659215171069,-0.6807017527147172,-1.4632173633074528,-0.7710915628999689,-1.4164595580763675,-0.9751124663331452,-0.4665976039337325,-1.1564702376542337,-0.6898726337205012,29.21895008064704,8.161133926747112,-8.161133926747112,-0.5603271002663042,6.768491281467534,-2.766252721007181,2.766252721007181,0.33829471891027113,3.620540396227237,1.0823706592831277,-1.0823706592831277,-0.6450086913549391,18.91177052434094,2.3603566337715023,-2.3603566337715023,-0.40747035654624525,-0.3186278573143043,-0.821333285518262,expensive,underweight,-0.33695857719619016,0.5694306980667888
Electrical Equipment,112.0,29.60903066537796,0.18862,2.5047908808654293,6.506731641045638,0.015254544403730292,0.15595603913111394,4.091459585374556,0.009410003865224555,4.420754883373023,0.09751247065761166,24.586304133467152,1.2511238546074688,0.12003228885644493,0.048160938724098754,0.7271388016174681,-1.2968581408749968,-0.019782980095316753,0.03083995902522801,2.029528967054473,2.296858140874997,0.005282575455655534,0.09530012391549311,0.04514625,0.08992520361989993,-0.17026478575368173,0.012136443693211384,-0.43792750928733815,-1.0672795839309734,0.8168126422012983,-1.4668351332171277,-2.6803737183258436,-1.842938241185557,-0.4158338588196955,-1.2933336126318076,-0.8774997538121121,33.61230240174191,-4.003271736363946,4.003271736363946,0.2748566147485025,8.768073162322597,-2.261341521276959,2.261341521276959,0.27654736260755675,3.0529596657712803,1.038499919603276,-1.038499919603276,-0.6188651441819071,20.72763281865575,3.858671314811403,-3.858671314811403,-0.6661256836974994,-0.1833967126308368,-0.8493588526314192,expensive,underweight,-0.33695857719619016,0.5694306980667888
Entertainment,92.0,42.73078032449192,0.05751666666666666,5.643034807202191,4.798101501048052,0.06092763111377839,0.12420599801084616,3.868989130650021,0.04428855045228182,4.333824657929714,0.1037808986261652,19.41126270013048,0.8251696372652437,0.15913861576824234,0.03304355681192803,0.48706590208810535,0.7712124194193972,0.04698814580074958,-0.012526244421036331,1.3914059388575721,0.22878758058060275,0.002618945146454094,0.07630256582202988,0.039684750000000005,0.07127529087570077,-1.0264735328591021,0.11943384654425836,-0.35066472027594503,-0.4636436560278045,-1.415656189092141,-0.4636164619528853,-0.9396009637951681,-0.6031569699405005,-0.4303370156546483,-0.8555076461951738,-0.4251706305405255,23.88510991579237,18.845670408699547,-18.845670408699547,-1.2939059630026246,4.584317516316187,0.21378398473186522,-0.21378398473186522,-0.02614439110106131,1.6410873855514154,2.2279017450986056,-2.2279017450986056,-1.3276560822751724,14.015439509228889,5.39582319090159,-5.39582319090159,-0.931485508587771,-0.8947979862416573,-0.8712237822137672,expensive,underweight,-0.33695857719619016,0.5694306980667888
Computers/Peripherals,36.0,36.14608213527912,0.2541909090909091,1.3504826567838284,34.08206122543692,-0.0017413160406024974,0.4476035274383902,6.431547327339804,0.1777744098144937,6.629803188728592,0.22489034296518012,25.424491644255795,1.3503292085851684,0.04624738158842277,0.05911353077642165,0.5457679517178851,0.8396978476563421,-0.0014621793313833807,0.028994371924491297,3.6197887497686683,0.1603021523436578,0.004430912045651372,0.09972468270289851,0.039684750000000005,0.09707073132665844,-0.5968146586145897,-1.7195205006066268,-1.3558138108553648,-1.1650488679742756,-1.1644269832660623,-2.4212571169372166,-1.7411525296419572,0.6160938604609001,-1.2092994595127142,-1.1776856923460841,0.03161376716663011,35.55239896191499,0.5936831733641341,-0.5936831733641341,-0.04076109692524218,17.96416601844539,16.117895206991527,-16.117895206991527,-1.9711137695651881,7.431946657966553,-1.000399330626749,1.000399330626749,0.5961601578402727,20.476822733531964,4.947668910723831,-4.947668910723831,-0.8541202572020202,-0.5674587414630444,-0.9335949119928683,expensive,underweight,-0.33695857719619016,0.5694306980667888
Coal & Related Energy,16.0,34.39176487705514,0.2254,0.8760392908776004,2.2473251040452182,-0.02513240711000554,-0.04759627013362316,2.754218653089938,-0.02125757000356644,2.5369156934745063,-0.03815594523633239,10.368996250268257,1.0709931914897641,0.07142984737214478,0.03125,0.6431490912216578,0.9991827586206896,-0.025111867866953567,-0.031172027590448428,1.2912283646149045,0.0008172413793103449,0.003030944978631648,0.08726629634044347,0.039684750000000005,0.0840941403647961,-0.48234350798978803,0.27961578191181646,0.08659775172244184,0.591079667277263,-0.6973181305474547,-1.9926500227967923,-2.2004786639170013,-1.8013684414703532,0.11873742323043332,-1.6729538146829004,-1.7916912379133336,30.66070098314404,3.7310638939110987,-3.7310638939110987,-0.2561673697979362,2.195486347122614,0.0518387569226042,-0.0518387569226042,-0.006339542865558494,1.527440316724979,1.226778336364959,-1.226778336364959,-0.7310644302252527,19.03287038157145,-8.663874131303192,8.663874131303192,1.4956518988882788,0.12552013899988285,-0.9535642332097871,expensive,underweight,-0.33695857719619016,0.5694306980667888
Recreation,49.0,38.01528526208744,0.09946,1.8278747282016843,4.027683457299504,-0.1276115597172532,0.08024512691065157,1.2614359353455853,-0.04719687128002479,1.94042778252431,0.08056922435972133,10.390872319428379,1.0234727002249695,0.6299053181462322,0.11454512843876968,0.4830813033858449,0.9943727556187422,-0.1268934582848507,0.013353604423837605,1.2420065495162005,0.00562724438125783,0.016499321196639292,0.08514688243003364,0.039684750000000005,0.0675772489837691,-0.7187822398341015,0.16781403911414963,0.672133406331832,0.5885279618510458,-1.5067692611360854,-2.387704910868355,-2.5045308995637443,-0.027477977987374558,0.1774232918657315,-1.60662076238889,-1.7840440542546214,27.626888635748482,10.388396626338956,-10.388396626338956,-0.7132464937225794,6.667310678903742,-2.639627221604238,2.639627221604238,0.3228092437755934,1.1594229802741771,0.10201295507140817,-0.10201295507140817,-0.060791783376170194,13.277382574777933,-2.8865102553495543,2.8865102553495543,0.4983007000269826,0.0117679166759566,-0.9592652907629513,expensive,underweight,-0.33695857719619016,0.5694306980667888
Semiconductor,66.0,37.29265731599145,0.22876400000000005,2.1336427828448143,13.312176209461422,0.31364715776513896,0.27226966835133587,15.46226750574735,0.30446007427165983,15.70064938278062,0.3531021030174133,34.75309880575283,1.5181994029054893,0.02591104732744511,0.05106370873021537,0.5582720818010325,0.836078328126785,0.2622335912859953,0.04411912078641628,1.206668138058751,0.163921671873215,0.0032277028175009223,0.10721169336958483,0.039684750000000005,0.10550619089928288,-0.6716299633142956,-0.41522727320739844,-4.89806318740774,-2.2531720284382675,-1.7562815928725173,0.5176036069424645,-2.3844049439959534,-1.458792487254434,-2.059523113091925,-1.27046885429511,0.7890542587968152,37.67672935231304,-0.3840720363215908,0.3840720363215908,0.026369616322572804,10.598135951650264,2.714040257811158,-2.714040257811158,-0.3319094741976784,10.006258457067268,5.456009048680082,-5.456009048680082,-3.2513568492706915,29.355006323437284,5.398092482315544,-5.398092482315544,-0.9318772582786107,-1.122193491356102,-1.2111587091195068,expensive,underweight,-0.33695857719619016,0.5694306980667888
Green & Renewable Energy,15.0,42.71208911078014,0.0777,3.3398217814436673,1.262866011273322,-0.07357137161316149,0.036367416094179386,3.762478951905123,-0.10826421952871541,7.865692969599145,0.1838772563796854,13.443716808217077,0.8563295187054536,1.1310960720897125,0.0,0.6514340075377375,0.998710019990005,-0.0734764660144726,0.09007372311850939,0.1979948428912487,0.0012899800099950027,0.0018630152559055931,0.07769229653426324,0.04514625,0.06041822528094039,-1.0252539103933647,0.3414371798813452,-0.3088866996084807,0.23243291614512784,-1.5550143202969386,-1.6875634612290724,-3.5073270247572976,-0.41900080896547537,-0.1900676284938431,-1.792226403812196,-1.6021587753183528,24.650622334110892,18.06146677666925,-18.06146677666925,-1.240064113193773,3.731529603773277,-2.4686635924999547,2.4686635924999547,0.3019015037081365,-1.3004501738206191,5.062929125725742,-5.062929125725742,-3.017111801580096,14.167714977697479,-0.7239981694804012,0.7239981694804012,0.12498441465840116,-0.9575724991018328,-1.4583648419280508,expensive,underweight,-0.33695857719619016,0.5694306980667888
Real Estate (Operations & Services),54.0,93.58544014223776,0.33,1.328434882954209,3.0641343506139327,0.03303284726431277,0.059426974075348735,1.2360415857459834,0.011919902517228938,1.463930180972637,0.027622698469351146,21.95100173629954,0.9654974066610451,0.24642281273824773,0.08697440271481936,0.505596255690735,0.7294747319198484,0.024096627402683854,0.024639351148280447,2.5168988059838724,0.27052526808015165,0.002608840075567912,0.08256118433708262,0.039684750000000005,0.07408434049119778,-4.344796599385638,0.22832234588377864,0.6820941976375157,-0.759888188458792,-3.538349472973364,-1.0273400512799682,-0.6959259973835237,-2.062616211523084,-1.0485670610807838,-1.8310579332899848,-0.782490872209201,31.046606956996968,62.53883318524079,-62.53883318524079,-4.293790956900927,3.9445310135015044,-0.8803966628875717,0.8803966628875717,0.1076667866747367,1.6128366378929266,-0.3767950521469432,0.3767950521469432,0.22454053185003917,15.203527004317205,6.747474731982333,-6.747474731982333,-1.1648222541838893,-1.28160147314001,-1.6112753492299947,expensive,underweight,-0.33695857719619016,0.5694306980667888
Restaurant/Dining,64.0,31.89787096408461,0.03530120000000002,9.288751615033444,74.73531863615672,0.0010275118300474612,0.18360436293768279,3.340771846882716,0.09368441736682119,4.165514392232257,0.137921604848594,17.494296052782147,0.9240873147803257,0.2721981524363927,0.09916012680622868,0.411494619604859,0.3545886035724797,0.0003643439849707323,0.036916203574769824,1.51285654737222,0.6454113964275203,0.01809910805272104,0.08071429423920252,0.038003999999999996,0.07157604548474453,-0.3196141587710867,-4.272436333878463,-0.14347445115624946,-0.24004159296462046,-0.7257628047354996,-5.268970179925792,-0.6690052842258277,-0.07808301474652136,-1.243891634192605,-1.6854553209084104,-0.4415636867158055,25.15755507773061,6.740315886354001,-6.740315886354001,-0.46277658097261504,7.584326183480602,67.15099245267612,-67.15099245267612,-8.21212969581925,3.4814704418988236,-0.14069859501610749,0.14069859501610749,0.08384541457075384,14.222797687208278,3.271498365573869,-3.271498365573869,-0.5647615222157522,-2.2889555961092163,-1.926855430988733,expensive,underweight,-0.33695857719619016,0.5694306980667888
Drugs (Biotechnology),496.0,63.7588621440246,0.3808000000000001,0.8417239925560009,8.216863751697744,-0.0567224880686716,0.03525374326558564,7.311661204603818,-0.04997144060722168,7.918045526205239,0.08760628593948759,15.778971602812438,1.1352650325488571,0.13039813617119383,0.010795122386082115,0.7567979803880647,0.9988294447913104,-0.05665609126481298,-0.03574180481565756,0.8199548262974856,0.0011705552086895756,0.012998318341783494,0.09013282045167903,0.04514625,0.08494335246520258,-2.398579239526584,-0.09525527889773475,-1.7010335465401982,-0.03995981983283503,-1.9143513849543492,-2.4159822056804217,-4.649492237020175,-1.195513220718428,-1.058706971199338,-2.5438347620933435,-1.4851277908940055,34.493382328001594,29.265479816023003,-29.265479816023003,-2.009309195315495,5.334271553596141,2.8825921981016034,-2.8825921981016034,-0.3525222804063521,1.2800216615020603,6.0316395431017575,-6.0316395431017575,-3.5943878329051047,20.15862096023939,-4.379649357426951,4.379649357426951,0.7560625626165636,-1.3000391865025969,-2.0463165318570447,expensive,underweight,-0.33695857719619016,0.5694306980667888
Auto & Truck,33.0,49.0404143673793,0.10216,11.708656275174,7.724731802119622,0.03159322520026207,0.022474128513756082,3.344107144590721,0.012913827594325342,3.883020426885024,0.023827109914991852,47.755842428808094,1.4564933048347815,0.19695879853744616,0.03737150993812953,0.6183460542354303,0.4169147074199129,0.01317168024081868,0.020963183890618645,1.0752957002212575,0.5830852925800871,0.0022516811261104374,0.10445960139563126,0.039684750000000005,0.0938009413632943,-1.4381841658844778,-0.0643507087314672,-0.14478270298925885,-3.7698600227852594,-2.7402887500537325,-2.210486633325618,-2.5149934912956127,-5.950879484990643,-1.3542944000976158,-3.3541620899164015,-1.9998676898187857,34.564972804830894,14.475441562548404,-14.475441562548404,-0.9938548084886024,6.100504539500328,1.6242272626192937,-1.6242272626192937,-0.19863243191104332,3.9194805810772855,-0.5753734364865646,0.5753734364865646,0.3428777971073119,23.097842534859033,24.65799989394906,-24.65799989394906,-4.256731319644019,-1.2765851907340882,-2.5231313302434764,expensive,underweight,-0.33695857719619016,0.5694306980667888
Electronics (Consumer & Office),8.0,19.51111111111111,-0.568,,3.8520329061857304,-0.2880927953264372,-0.0834551474050309,0.9609786323774342,-0.09420145713451261,0.9098334859666329,-0.04251466186215604,30.69739733032995,0.8659780184815811,0.058043138538441966,0.0,0.7018361349746528,,,-0.038403387877209205,5.566546410452429,,0.0,0.07812261962427852,0.04514625,0.07631357052138382,0.48863568670922325,0.17884442392515945,0.7899860994829575,-1.7801000434210088,,-4.021734572642039,,-4.171734009773546,-0.08065845832591717,-4.096734291207793,-4.016075832881875,,,,,2.6918820508500794,1.160150855335651,-1.160150855335651,-0.14187890517696106,,,,,16.627564868055998,14.06983246227395,-14.06983246227395,-2.4288870452547417,-1.2853829752158514,-2.972193764811016,expensive,underweight,-0.33695857719619016,0.5694306980667888
Software (Internet),29.0,64.81226092980671,0.20899,1.6663034235228575,10.855737135544949,-0.01469962217495586,0.034347801967415575,8.758755537218498,-0.009326071858346227,9.561036618683037,0.03738840189516249,30.26060384626827,1.6886761161660595,0.12298911343132386,0.03054366211647507,0.526123151821511,0.9997799660912454,-0.014696387759631488,0.26011127110194243,1.3500967702032756,0.00022003390875462395,0.00044831055994113924,0.11481495478100626,0.039684750000000005,0.10658673852546652,-2.4673146809126667,-0.26096946941292665,-2.2686481881468574,-1.7291508397382802,-4.17620656450223,-3.086824929880649,-5.519749815202099,-5.574061612885358,-1.6815207945526829,-4.589210730617584,-2.9076899360649007,39.882875667222464,24.929385262584248,-24.929385262584248,-1.7116016329330133,8.458006925194505,2.397730210350444,-2.397730210350444,-0.29322681234917725,4.573100892789269,4.185654644429229,-4.185654644429229,-2.4943244733325654,30.459391678401314,-0.19878783213304274,0.19878783213304274,0.03431691113002597,-1.1162090018711825,-3.200010039119023,expensive,underweight,-0.33695857719619016,0.5694306980667888
